"Brazil","CR231172","Forest",36.136080
"Brazil","CR231173","Forest",12.364740
"Brazil","CR231178","Forest",164.550690
"Brazil","CR231178","OWL",0.002520
"Brazil","CR231179","Forest",307.450000
"Brazil","CR231180","Forest",307.360000
"Brazil","CR231181","Forest",253.230000
"Brazil","CR231182","Forest",283.388940
"Brazil","CR231182","OWL",0.002790
"Brazil","CR231183","Forest",304.867350
"Brazil","CR231184","Forest",307.204755
"Brazil","CR231185","Forest",303.170000
"Brazil","CR231186","Forest",247.714650
"Brazil","CR231186","OWL",0.004680
"Brazil","CR231187","Forest",172.167030
"Brazil","CR231187","OWL",0.011880
"Brazil","CR231188","Forest",272.695860
"Brazil","CR231189","Forest",305.605223
"Brazil","CR231190","Forest",305.480000
"Brazil","CR231191","Forest",305.600000
"Brazil","CR231192","Forest",285.271650
"Brazil","CR231193","Forest",293.124132
"Brazil","CR231194","Forest",297.650000
"Brazil","CR231195","Forest",264.799710
"Brazil","CR231195","OWL",0.071010
"Brazil","CR231196","Forest",290.836800
"Brazil","CR231196","OWL",0.635850
"Brazil","CR231197","Forest",298.985940
"Brazil","CR231197","OWL",0.482940
"Brazil","CR231198","Forest",274.420170
"Brazil","CR231198","OWL",0.653310
"Brazil","CR231199","Forest",228.159360
"Brazil","CR231199","OWL",0.374490
"Brazil","CR231200","Forest",117.609660
"Brazil","CR231200","OWL",0.019620
"Brazil","CR231201","Forest",148.347540
"Brazil","CR231201","OWL",0.079560
"Brazil","CR231202","Forest",276.394140
"Brazil","CR231202","OWL",0.704430
"Brazil","CR231203","Forest",300.990000
"Brazil","CR231204","Forest",283.700160
"Brazil","CR231204","OWL",0.331740
"Brazil","CR231205","Forest",43.455600
"Brazil","CR231205","OWL",0.007920
"Brazil","CR232172","Forest",61.720470
"Brazil","CR232173","Forest",208.139220
"Brazil","CR232174","Forest",94.695120
"Brazil","CR232175","Forest",15.063030
"Brazil","CR232177","Forest",46.953090
"Brazil","CR232177","OWL",0.002160
"Brazil","CR232178","Forest",286.617690
"Brazil","CR232178","OWL",0.023400
"Brazil","CR232179","Forest",306.590000
"Brazil","CR232180","Forest",303.687360
"Brazil","CR232181","Forest",222.289200
"Brazil","CR232182","Forest",298.132290
"Brazil","CR232183","Forest",302.999220
"Brazil","CR232184","Forest",306.628401
"Brazil","CR232185","Forest",307.280000
"Brazil","CR232186","Forest",304.081380
"Brazil","CR232186","OWL",0.002160
"Brazil","CR232187","Forest",229.960350
"Brazil","CR232187","OWL",0.230940
"Brazil","CR232188","Forest",227.294550
"Brazil","CR232188","OWL",0.017280
"Brazil","CR232189","Forest",305.080000
"Brazil","CR232190","Forest",304.441212
"Brazil","CR232191","Forest",303.520000
"Brazil","CR232192","Forest",283.233060
"Brazil","CR232192","OWL",0.000540
"Brazil","CR232193","Forest",295.272180
"Brazil","CR232193","OWL",0.008010
"Brazil","CR232194","Forest",291.810600
"Brazil","CR232194","OWL",0.001980
"Brazil","CR232195","Forest",301.928400
"Brazil","CR232195","OWL",0.008640
"Brazil","CR232196","Forest",303.629299
"Brazil","CR232197","Forest",288.631350
"Brazil","CR232197","OWL",0.380340
"Brazil","CR232198","Forest",227.140200
"Brazil","CR232198","OWL",0.064170
"Brazil","CR232199","Forest",209.862900
"Brazil","CR232199","OWL",0.136080
"Brazil","CR232200","Forest",147.205440
"Brazil","CR232201","Forest",90.346590
"Brazil","CR232201","OWL",0.007920
"Brazil","CR232202","Forest",268.306920
"Brazil","CR232202","OWL",0.024660
"Brazil","CR232203","Forest",301.620000
"Brazil","CR232204","Forest",280.975410
"Brazil","CR232204","OWL",1.256220
"Brazil","CR232205","Forest",137.167650
"Brazil","CR232205","OWL",0.285570
"Brazil","CR233173","Forest",245.231190
"Brazil","CR233174","Forest",306.270000
"Brazil","CR233175","Forest",303.219720
"Brazil","CR233175","OWL",0.010710
"Brazil","CR233176","Forest",41.054490
"Brazil","CR233177","Forest",303.543540
"Brazil","CR233177","OWL",0.002340
"Brazil","CR233178","Forest",299.750220
"Brazil","CR233178","OWL",0.023670
"Brazil","CR233179","Forest",300.387420
"Brazil","CR233179","OWL",0.036900
"Brazil","CR233180","Forest",260.817750
"Brazil","CR233180","OWL",0.046620
"Brazil","CR233181","Forest",189.389610
"Brazil","CR233181","OWL",0.066600
"Brazil","CR233182","Forest",254.036790
"Brazil","CR233183","Forest",304.197120
"Brazil","CR233184","Forest",305.680000
"Brazil","CR233185","Forest",307.343540
"Brazil","CR233186","Forest",306.200237
"Brazil","CR233187","Forest",292.801950
"Brazil","CR233187","OWL",0.002070
"Brazil","CR233188","Forest",219.900690
"Brazil","CR233188","OWL",0.001620
"Brazil","CR233189","Forest",268.694845
"Brazil","CR233190","Forest",292.680572
"Brazil","CR233191","Forest",304.801452
"Brazil","CR233192","Forest",283.804830
"Brazil","CR233193","Forest",304.540000
"Brazil","CR233194","Forest",305.074927
"Brazil","CR233195","Forest",304.209895
"Brazil","CR233196","Forest",265.410360
"Brazil","CR233196","OWL",4.851360
"Brazil","CR233197","Forest",257.881500
"Brazil","CR233197","OWL",0.749430
"Brazil","CR233198","Forest",145.566000
"Brazil","CR233198","OWL",0.024300
"Brazil","CR233199","Forest",198.775620
"Brazil","CR233199","OWL",0.093780
"Brazil","CR233200","Forest",74.727180
"Brazil","CR233200","OWL",0.003600
"Brazil","CR233201","Forest",48.788370
"Brazil","CR233201","OWL",0.011520
"Brazil","CR233202","Forest",241.149420
"Brazil","CR233202","OWL",0.555930
"Brazil","CR233203","Forest",300.860000
"Brazil","CR233204","Forest",181.359450
"Brazil","CR233204","OWL",2.373930
"Brazil","CR233205","Forest",127.716480
"Brazil","CR233205","OWL",0.081630
"Brazil","CR233206","Forest",1.421640
"Brazil","CR234173","Forest",203.440500
"Brazil","CR234174","Forest",306.020000
"Brazil","CR234175","Forest",306.810000
"Brazil","CR234176","Forest",256.008330
"Brazil","CR234177","Forest",307.330000
"Brazil","CR234178","Forest",306.380000
"Brazil","CR234179","Forest",207.434880
"Brazil","CR234179","OWL",0.501300
"Brazil","CR234180","Forest",175.428090
"Brazil","CR234180","OWL",0.490500
"Brazil","CR234181","Forest",256.665780
"Brazil","CR234181","OWL",0.130770
"Brazil","CR234182","Forest",214.809570
"Brazil","CR234182","OWL",0.017820
"Brazil","CR234183","Forest",291.802770
"Brazil","CR234183","OWL",0.001710
"Brazil","CR234184","Forest",304.026210
"Brazil","CR234185","Forest",307.380000
"Brazil","CR234186","Forest",306.363916
"Brazil","CR234187","Forest",279.733222
"Brazil","CR234188","Forest",186.572025
"Brazil","CR234189","Forest",187.434568
"Brazil","CR234190","Forest",304.101688
"Brazil","CR234191","Forest",286.641360
"Brazil","CR234191","OWL",0.003240
"Brazil","CR234192","Forest",270.065430
"Brazil","CR234192","OWL",0.064440
"Brazil","CR234193","Forest",303.308100
"Brazil","CR234193","OWL",0.001170
"Brazil","CR234194","Forest",293.831694
"Brazil","CR234195","Forest",289.138770
"Brazil","CR234195","OWL",0.479070
"Brazil","CR234196","Forest",238.035780
"Brazil","CR234196","OWL",7.422120
"Brazil","CR234197","Forest",261.320670
"Brazil","CR234197","OWL",0.036090
"Brazil","CR234198","Forest",184.188600
"Brazil","CR234198","OWL",0.007920
"Brazil","CR234199","Forest",147.940380
"Brazil","CR234199","OWL",0.041040
"Brazil","CR234200","Forest",86.396310
"Brazil","CR234200","OWL",0.027090
"Brazil","CR234201","Forest",83.227770
"Brazil","CR234201","OWL",0.113850
"Brazil","CR234202","Forest",269.071980
"Brazil","CR234202","OWL",0.092070
"Brazil","CR234203","Forest",246.220830
"Brazil","CR234203","OWL",3.111030
"Brazil","CR234204","Forest",178.547590
"Brazil","CR234204","OWL",0.003420
"Brazil","CR234205","Forest",162.172710
"Brazil","CR234205","OWL",0.256680
"Brazil","CR234206","Forest",47.845080
"Brazil","CR234206","OWL",0.136620
"Brazil","CR235172","Forest",5.754600
"Brazil","CR235173","Forest",199.528380
"Brazil","CR235174","Forest",304.960000
"Brazil","CR235175","Forest",306.040000
"Brazil","CR235176","Forest",306.940000
"Brazil","CR235177","Forest",307.120000
"Brazil","CR235178","Forest",303.410000
"Brazil","CR235179","Forest",278.305110
"Brazil","CR235179","OWL",0.054810
"Brazil","CR235180","Forest",133.498710
"Brazil","CR235180","OWL",0.337590
"Brazil","CR235181","Forest",271.199160
"Brazil","CR235181","OWL",0.094230
"Brazil","CR235182","Forest",198.065430
"Brazil","CR235182","OWL",0.068400
"Brazil","CR235183","Forest",254.130000
"Brazil","CR235184","Forest",299.263950
"Brazil","CR235185","Forest",306.900000
"Brazil","CR235186","Forest",306.485310
"Brazil","CR235187","Forest",230.900647
"Brazil","CR235188","Forest",190.600200
"Brazil","CR235189","Forest",287.479364
"Brazil","CR235190","Forest",281.304270
"Brazil","CR235191","Forest",278.698680
"Brazil","CR235191","OWL",0.002970
"Brazil","CR235192","Forest",305.320000
"Brazil","CR235193","Forest",298.245642
"Brazil","CR235194","Forest",280.267830
"Brazil","CR235194","OWL",0.021240
"Brazil","CR235195","Forest",259.153920
"Brazil","CR235195","OWL",0.096750
"Brazil","CR235196","Forest",275.461560
"Brazil","CR235196","OWL",0.225180
"Brazil","CR235197","Forest",273.545910
"Brazil","CR235197","OWL",0.226440
"Brazil","CR235198","Forest",282.390840
"Brazil","CR235198","OWL",0.002970
"Brazil","CR235199","Forest",195.156900
"Brazil","CR235199","OWL",0.033570
"Brazil","CR235200","Forest",114.485532
"Brazil","CR235200","OWL",0.006390
"Brazil","CR235201","Forest",29.561684
"Brazil","CR235202","Forest",32.404284
"Brazil","CR235202","OWL",0.012330
"Brazil","CR235203","Forest",160.641630
"Brazil","CR235203","OWL",0.192600
"Brazil","CR235204","Forest",142.913340
"Brazil","CR235204","OWL",0.013770
"Brazil","CR235205","Forest",266.747850
"Brazil","CR235205","OWL",0.676710
"Brazil","CR235206","Forest",173.058660
"Brazil","CR235206","OWL",1.725390
"Brazil","CR235207","Forest",3.944340
"Brazil","CR236172","Forest",79.302060
"Brazil","CR236172","OWL",0.002340
"Brazil","CR236173","Forest",306.654125
"Brazil","CR236174","Forest",303.845638
"Brazil","CR236175","Forest",306.050000
"Brazil","CR236176","Forest",306.759719
"Brazil","CR236177","Forest",306.318500
"Brazil","CR236178","Forest",270.134370
"Brazil","CR236178","OWL",0.036090
"Brazil","CR236179","Forest",254.471490
"Brazil","CR236179","OWL",0.121320
"Brazil","CR236180","Forest",152.614440
"Brazil","CR236180","OWL",0.182790
"Brazil","CR236181","Forest",282.190050
"Brazil","CR236181","OWL",0.031230
"Brazil","CR236182","Forest",276.382620
"Brazil","CR236182","OWL",0.000630
"Brazil","CR236183","Forest",157.879135
"Brazil","CR236184","Forest",294.738210
"Brazil","CR236185","Forest",305.080000
"Brazil","CR236186","Forest",306.173985
"Brazil","CR236187","Forest",306.305239
"Brazil","CR236188","Forest",204.129000
"Brazil","CR236189","Forest",253.250550
"Brazil","CR236190","Forest",264.739680
"Brazil","CR236191","Forest",300.160561
"Brazil","CR236192","Forest",305.730000
"Brazil","CR236193","Forest",267.082740
"Brazil","CR236193","OWL",0.099000
"Brazil","CR236194","Forest",287.767620
"Brazil","CR236194","OWL",0.052920
"Brazil","CR236195","Forest",301.558410
"Brazil","CR236195","OWL",0.135090
"Brazil","CR236196","Forest",300.237480
"Brazil","CR236196","OWL",0.360090
"Brazil","CR236197","Forest",303.021900
"Brazil","CR236197","OWL",0.118100
"Brazil","CR236198","Forest",230.027400
"Brazil","CR236198","OWL",0.382590
"Brazil","CR236199","Forest",122.909580
"Brazil","CR236199","OWL",0.005850
"Brazil","CR236200","Forest",99.011610
"Brazil","CR236200","OWL",0.001800
"Brazil","CR236201","Forest",17.310569
"Brazil","CR236202","Forest",15.715070
"Brazil","CR236203","Forest",21.034414
"Brazil","CR236204","Forest",31.501861
"Brazil","CR236205","Forest",125.657659
"Brazil","CR236206","Forest",217.373220
"Brazil","CR236206","OWL",0.713520
"Brazil","CR236207","Forest",41.215950
"Brazil","CR236207","OWL",0.818730
"Brazil","CR237172","Forest",130.772070
"Brazil","CR237172","OWL",0.006210
"Brazil","CR237173","Forest",233.820270
"Brazil","CR237173","OWL",1.930860
"Brazil","CR237174","Forest",265.805463
"Brazil","CR237174","OWL",0.007380
"Brazil","CR237175","Forest",234.315710
"Brazil","CR237176","Forest",250.123680
"Brazil","CR237176","OWL",0.002160
"Brazil","CR237177","Forest",286.920450
"Brazil","CR237177","OWL",0.093780
"Brazil","CR237178","Forest",208.386450
"Brazil","CR237178","OWL",0.098910
"Brazil","CR237179","Forest",216.359280
"Brazil","CR237179","OWL",0.045360
"Brazil","CR237180","Forest",223.516890
"Brazil","CR237180","OWL",0.000990
"Brazil","CR237181","Forest",240.559740
"Brazil","CR237181","OWL",0.000630
"Brazil","CR237182","Forest",262.657260
"Brazil","CR237183","Forest",196.001559
"Brazil","CR237184","Forest",266.498640
"Brazil","CR237185","Forest",305.621387
"Brazil","CR237186","Forest",298.841400
"Brazil","CR237187","Forest",286.872766
"Brazil","CR237188","Forest",211.394250
"Brazil","CR237188","OWL",0.015930
"Brazil","CR237189","Forest",250.205850
"Brazil","CR237189","OWL",0.008370
"Brazil","CR237190","Forest",302.230000
"Brazil","CR237191","Forest",301.318740
"Brazil","CR237191","OWL",0.024840
"Brazil","CR237192","Forest",285.393811
"Brazil","CR237193","Forest",272.978460
"Brazil","CR237193","OWL",0.199890
"Brazil","CR237194","Forest",299.550510
"Brazil","CR237194","OWL",0.119160
"Brazil","CR237195","Forest",303.138360
"Brazil","CR237195","OWL",0.071640
"Brazil","CR237196","Forest",241.270290
"Brazil","CR237196","OWL",0.057510
"Brazil","CR237197","Forest",173.295000
"Brazil","CR237197","OWL",2.362410
"Brazil","CR237198","Forest",183.265380
"Brazil","CR237198","OWL",1.711710
"Brazil","CR237199","Forest",208.566900
"Brazil","CR237199","OWL",0.017010
"Brazil","CR237200","Forest",259.680626
"Brazil","CR237201","Forest",240.355097
"Brazil","CR237201","OWL",0.000630
"Brazil","CR237202","Forest",113.867026
"Brazil","CR237203","Forest",27.697047
"Brazil","CR237204","Forest",20.142783
"Brazil","CR237205","Forest",89.980470
"Brazil","CR237205","OWL",0.616443
"Brazil","CR237206","Forest",199.423499
"Brazil","CR237207","Forest",66.293010
"Brazil","CR237207","OWL",170.403570
"Brazil","CR238172","Forest",147.251070
"Brazil","CR238172","OWL",3.348360
"Brazil","CR238173","Forest",34.458300
"Brazil","CR238173","OWL",0.961110
"Brazil","CR238174","Forest",90.052920
"Brazil","CR238175","Forest",135.921150
"Brazil","CR238176","Forest",184.678805
"Brazil","CR238176","OWL",0.024660
"Brazil","CR238177","Forest",218.673090
"Brazil","CR238177","OWL",0.105570
"Brazil","CR238178","Forest",170.984160
"Brazil","CR238178","OWL",0.069570
"Brazil","CR238179","Forest",180.076860
"Brazil","CR238179","OWL",0.037260
"Brazil","CR238180","Forest",225.491760
"Brazil","CR238181","Forest",272.680110
"Brazil","CR238182","Forest",301.104000
"Brazil","CR238183","Forest",306.131387
"Brazil","CR238184","Forest",245.000000
"Brazil","CR238185","Forest",228.720000
"Brazil","CR238186","Forest",291.582446
"Brazil","CR238187","Forest",194.333580
"Brazil","CR238187","OWL",0.003870
"Brazil","CR238188","Forest",201.537810
"Brazil","CR238188","OWL",0.076140
"Brazil","CR238189","Forest",305.420000
"Brazil","CR238190","Forest",297.246780
"Brazil","CR238190","OWL",0.056520
"Brazil","CR238191","Forest",292.908690
"Brazil","CR238191","OWL",0.007650
"Brazil","CR238192","Forest",257.419080
"Brazil","CR238192","OWL",0.012510
"Brazil","CR238193","Forest",303.560460
"Brazil","CR238193","OWL",0.195750
"Brazil","CR238194","Forest",292.425030
"Brazil","CR238194","OWL",0.263160
"Brazil","CR238195","Forest",300.629970
"Brazil","CR238195","OWL",0.062730
"Brazil","CR238196","Forest",215.327610
"Brazil","CR238196","OWL",0.229410
"Brazil","CR238197","Forest",262.473660
"Brazil","CR238197","OWL",0.723060
"Brazil","CR238198","Forest",249.869340
"Brazil","CR238198","OWL",0.622350
"Brazil","CR238199","Forest",253.329390
"Brazil","CR238199","OWL",0.056970
"Brazil","CR238200","Forest",295.862760
"Brazil","CR238200","OWL",0.009090
"Brazil","CR238201","Forest",243.085860
"Brazil","CR238201","OWL",0.601830
"Brazil","CR238202","Forest",221.767558
"Brazil","CR238202","OWL",0.038070
"Brazil","CR238203","Forest",116.142480
"Brazil","CR238203","OWL",0.390060
"Brazil","CR238204","Forest",29.225860
"Brazil","CR238205","Forest",113.140668
"Brazil","CR238205","OWL",5.307570
"Brazil","CR238206","Forest",55.840082
"Brazil","CR238207","Forest",103.622490
"Brazil","CR238207","OWL",15.944620
"Brazil","CR238208","Forest",4.935060
"Brazil","CR238208","OWL",0.017730
"Brazil","CR239170","Forest",35.499240
"Brazil","CR239170","OWL",0.003510
"Brazil","CR239171","Forest",28.616670
"Brazil","CR239171","OWL",0.290790
"Brazil","CR239172","Forest",20.579130
"Brazil","CR239172","OWL",1.331190
"Brazil","CR239173","Forest",2.300400
"Brazil","CR239173","OWL",0.166320
"Brazil","CR239174","Forest",21.949380
"Brazil","CR239175","Forest",82.156230
"Brazil","CR239176","Forest",224.210020
"Brazil","CR239176","OWL",0.012330
"Brazil","CR239177","Forest",236.144575
"Brazil","CR239177","OWL",0.014580
"Brazil","CR239178","Forest",182.185380
"Brazil","CR239178","OWL",0.069660
"Brazil","CR239179","Forest",250.823610
"Brazil","CR239179","OWL",0.047790
"Brazil","CR239180","Forest",279.888930
"Brazil","CR239180","OWL",0.005040
"Brazil","CR239181","Forest",292.762080
"Brazil","CR239181","OWL",0.008820
"Brazil","CR239182","Forest",306.330000
"Brazil","CR239183","Forest",302.250000
"Brazil","CR239184","Forest",307.020000
"Brazil","CR239185","Forest",289.230000
"Brazil","CR239186","Forest",129.430000
"Brazil","CR239187","Forest",142.110090
"Brazil","CR239187","OWL",0.000900
"Brazil","CR239188","Forest",241.444080
"Brazil","CR239188","OWL",0.025830
"Brazil","CR239189","Forest",290.986290
"Brazil","CR239189","OWL",0.070470
"Brazil","CR239190","Forest",281.470140
"Brazil","CR239190","OWL",0.150300
"Brazil","CR239191","Forest",280.430190
"Brazil","CR239191","OWL",0.013860
"Brazil","CR239192","Forest",287.604540
"Brazil","CR239192","OWL",0.213300
"Brazil","CR239193","Forest",303.315120
"Brazil","CR239193","OWL",0.162720
"Brazil","CR239194","Forest",302.414400
"Brazil","CR239194","OWL",0.054066
"Brazil","CR239195","Forest",296.358210
"Brazil","CR239195","OWL",0.007110
"Brazil","CR239196","Forest",290.357190
"Brazil","CR239196","OWL",0.012060
"Brazil","CR239197","Forest",302.278140
"Brazil","CR239198","Forest",272.788590
"Brazil","CR239198","OWL",3.805020
"Brazil","CR239199","Forest",242.293320
"Brazil","CR239199","OWL",5.032800
"Brazil","CR239200","Forest",281.888307
"Brazil","CR239201","Forest",220.264017
"Brazil","CR239202","Forest",279.852814
"Brazil","CR239202","OWL",0.027810
"Brazil","CR239203","Forest",155.047773
"Brazil","CR239203","OWL",0.148770
"Brazil","CR239204","Forest",107.460320
"Brazil","CR239205","Forest",176.096832
"Brazil","CR239206","Forest",108.443056
"Brazil","CR239207","Forest",14.747133
"Brazil","CR239208","Forest",51.906330
"Brazil","CR239208","OWL",2.932200
"Brazil","CR239211","Forest",0.384030
"Brazil","CR239211","OWL",3.028140
"Brazil","CR240170","Forest",99.918794
"Brazil","CR240170","OWL",0.091980
"Brazil","CR240171","Forest",45.726210
"Brazil","CR240171","OWL",1.011420
"Brazil","CR240172","Forest",4.065570
"Brazil","CR240172","OWL",1.139580
"Brazil","CR240173","Forest",5.271120
"Brazil","CR240173","OWL",0.848250
"Brazil","CR240174","Forest",12.282480
"Brazil","CR240174","OWL",0.062910
"Brazil","CR240175","Forest",136.062990
"Brazil","CR240175","OWL",0.483750
"Brazil","CR240176","Forest",215.895510
"Brazil","CR240176","OWL",0.601920
"Brazil","CR240177","Forest",260.269200
"Brazil","CR240177","OWL",0.804780
"Brazil","CR240178","Forest",217.341918
"Brazil","CR240178","OWL",0.783630
"Brazil","CR240179","Forest",221.778990
"Brazil","CR240179","OWL",0.439560
"Brazil","CR240180","Forest",295.536448
"Brazil","CR240181","Forest",307.220000
"Brazil","CR240182","Forest",293.189294
"Brazil","CR240183","Forest",234.719485
"Brazil","CR240183","OWL",0.001890
"Brazil","CR240184","Forest",276.991740
"Brazil","CR240184","OWL",0.003780
"Brazil","CR240185","Forest",296.536834
"Brazil","CR240186","Forest",274.832770
"Brazil","CR240187","Forest",113.265900
"Brazil","CR240187","OWL",0.001710
"Brazil","CR240188","Forest",236.334455
"Brazil","CR240189","Forest",279.766260
"Brazil","CR240189","OWL",0.165960
"Brazil","CR240190","Forest",275.658300
"Brazil","CR240190","OWL",0.034740
"Brazil","CR240191","Forest",274.120290
"Brazil","CR240191","OWL",0.009360
"Brazil","CR240192","Forest",292.929300
"Brazil","CR240192","OWL",0.006480
"Brazil","CR240193","Forest",291.018960
"Brazil","CR240193","OWL",0.008280
"Brazil","CR240194","Forest",272.899440
"Brazil","CR240194","OWL",0.044370
"Brazil","CR240195","Forest",267.353044
"Brazil","CR240195","OWL",0.051210
"Brazil","CR240196","Forest",302.710000
"Brazil","CR240197","Forest",302.113409
"Brazil","CR240198","Forest",303.020838
"Brazil","CR240199","Forest",252.436860
"Brazil","CR240199","OWL",0.024840
"Brazil","CR240200","Forest",272.051280
"Brazil","CR240200","OWL",0.004050
"Brazil","CR240201","Forest",276.564040
"Brazil","CR240202","Forest",300.713786
"Brazil","CR240203","Forest",298.150000
"Brazil","CR240204","Forest",288.076750
"Brazil","CR240204","OWL",0.746100
"Brazil","CR240205","Forest",238.745520
"Brazil","CR240205","OWL",6.943444
"Brazil","CR240206","Forest",148.397011
"Brazil","CR240207","Forest",110.450365
"Brazil","CR240207","OWL",6.692130
"Brazil","CR240208","Forest",192.751917
"Brazil","CR240208","OWL",0.071896
"Brazil","CR240209","Forest",88.320150
"Brazil","CR240209","OWL",9.636120
"Brazil","CR240210","Forest",51.446790
"Brazil","CR240210","OWL",15.723090
"Brazil","CR240211","Forest",47.519640
"Brazil","CR240211","OWL",23.792490
"Brazil","CR240212","Forest",5.193900
"Brazil","CR240212","OWL",45.449820
"Brazil","CR240213","Forest",3.396060
"Brazil","CR240213","OWL",8.205570
"Brazil","CR241172","Forest",17.175330
"Brazil","CR241172","OWL",0.957420
"Brazil","CR241173","Forest",2.711070
"Brazil","CR241173","OWL",0.968040
"Brazil","CR241174","Forest",0.399150
"Brazil","CR241174","OWL",0.405450
"Brazil","CR241175","Forest",0.127440
"Brazil","CR241175","OWL",0.058590
"Brazil","CR241176","Forest",44.485110
"Brazil","CR241176","OWL",0.270270
"Brazil","CR241177","Forest",220.669200
"Brazil","CR241177","OWL",0.201510
"Brazil","CR241178","Forest",288.683070
"Brazil","CR241179","Forest",225.216921
"Brazil","CR241180","Forest",307.003203
"Brazil","CR241181","Forest",307.063974
"Brazil","CR241182","Forest",297.786432
"Brazil","CR241183","Forest",244.808730
"Brazil","CR241184","Forest",184.285123
"Brazil","CR241185","Forest",296.544684
"Brazil","CR241186","Forest",275.856148
"Brazil","CR241187","Forest",123.766530
"Brazil","CR241187","OWL",0.002970
"Brazil","CR241188","Forest",230.946660
"Brazil","CR241188","OWL",0.180090
"Brazil","CR241189","Forest",256.044780
"Brazil","CR241189","OWL",0.174330
"Brazil","CR241190","Forest",284.588640
"Brazil","CR241190","OWL",0.342000
"Brazil","CR241191","Forest",297.058185
"Brazil","CR241192","Forest",292.869000
"Brazil","CR241192","OWL",0.002160
"Brazil","CR241193","Forest",304.578110
"Brazil","CR241194","Forest",259.578647
"Brazil","CR241194","OWL",0.099990
"Brazil","CR241195","Forest",188.972420
"Brazil","CR241195","OWL",0.082170
"Brazil","CR241196","Forest",304.485756
"Brazil","CR241197","Forest",302.134086
"Brazil","CR241198","Forest",303.822223
"Brazil","CR241199","Forest",238.134420
"Brazil","CR241199","OWL",0.007560
"Brazil","CR241200","Forest",260.832240
"Brazil","CR241200","OWL",0.028350
"Brazil","CR241201","Forest",246.545487
"Brazil","CR241202","Forest",300.750522
"Brazil","CR241203","Forest",300.300000
"Brazil","CR241204","Forest",296.968590
"Brazil","CR241204","OWL",1.551410
"Brazil","CR241205","Forest",185.410080
"Brazil","CR241205","OWL",108.113310
"Brazil","CR241206","Forest",194.206410
"Brazil","CR241206","OWL",99.570260
"Brazil","CR241207","Forest",229.293000
"Brazil","CR241207","OWL",41.277925
"Brazil","CR241208","Forest",134.769510
"Brazil","CR241208","OWL",49.418159
"Brazil","CR241209","Forest",146.020860
"Brazil","CR241209","OWL",6.381818
"Brazil","CR241210","Forest",77.349330
"Brazil","CR241210","OWL",44.544736
"Brazil","CR241211","Forest",53.275140
"Brazil","CR241211","OWL",98.763480
"Brazil","CR241212","Forest",55.441530
"Brazil","CR241212","OWL",110.296392
"Brazil","CR241213","Forest",19.754550
"Brazil","CR241213","OWL",25.528410
"Brazil","CR242177","Forest",8.125560
"Brazil","CR242178","Forest",248.767830
"Brazil","CR242178","OWL",0.012780
"Brazil","CR242179","Forest",281.289448
"Brazil","CR242179","OWL",0.309330
"Brazil","CR242180","Forest",306.540000
"Brazil","CR242181","Forest",306.150000
"Brazil","CR242182","Forest",306.384586
"Brazil","CR242183","Forest",306.928628
"Brazil","CR242184","Forest",271.524076
"Brazil","CR242185","Forest",295.561668
"Brazil","CR242186","Forest",276.958312
"Brazil","CR242187","Forest",116.538840
"Brazil","CR242188","Forest",182.830680
"Brazil","CR242188","OWL",0.371070
"Brazil","CR242189","Forest",252.505413
"Brazil","CR242190","Forest",287.130150
"Brazil","CR242190","OWL",0.114120
"Brazil","CR242191","Forest",298.750000
"Brazil","CR242192","Forest",304.456974
"Brazil","CR242193","Forest",303.854717
"Brazil","CR242194","Forest",260.250660
"Brazil","CR242194","OWL",0.195570
"Brazil","CR242195","Forest",276.617520
"Brazil","CR242195","OWL",0.001080
"Brazil","CR242196","Forest",304.691424
"Brazil","CR242197","Forest",304.430000
"Brazil","CR242198","Forest",302.732125
"Brazil","CR242199","Forest",171.694980
"Brazil","CR242199","OWL",0.011520
"Brazil","CR242200","Forest",182.336130
"Brazil","CR242200","OWL",0.051930
"Brazil","CR242201","Forest",184.261230
"Brazil","CR242201","OWL",0.261090
"Brazil","CR242202","Forest",190.895090
"Brazil","CR242203","Forest",192.998889
"Brazil","CR242204","Forest",254.511319
"Brazil","CR242205","Forest",215.180460
"Brazil","CR242205","OWL",83.759540
"Brazil","CR242206","Forest",105.857820
"Brazil","CR242206","OWL",145.556196
"Brazil","CR242207","Forest",88.762500
"Brazil","CR242207","OWL",62.067832
"Brazil","CR242208","Forest",36.788758
"Brazil","CR242209","Forest",32.627790
"Brazil","CR242209","OWL",120.495150
"Brazil","CR242210","Forest",97.299720
"Brazil","CR242210","OWL",83.672460
"Brazil","CR242211","Forest",30.808843
"Brazil","CR242212","Forest",20.109510
"Brazil","CR242212","OWL",56.936520
"Brazil","CR242213","Forest",15.862230
"Brazil","CR242213","OWL",25.802730
"Brazil","CR243178","Forest",146.611350
"Brazil","CR243179","Forest",305.529693
"Brazil","CR243180","Forest",307.110000
"Brazil","CR243181","Forest",307.309698
"Brazil","CR243182","Forest",305.840019
"Brazil","CR243183","Forest",305.182820
"Brazil","CR243184","Forest",302.709980
"Brazil","CR243185","Forest",289.293895
"Brazil","CR243185","OWL",0.006750
"Brazil","CR243186","Forest",294.625752
"Brazil","CR243187","Forest",151.370640
"Brazil","CR243188","Forest",224.835030
"Brazil","CR243188","OWL",0.071280
"Brazil","CR243189","Forest",268.096950
"Brazil","CR243189","OWL",0.071798
"Brazil","CR243190","Forest",305.726580
"Brazil","CR243190","OWL",0.026460
"Brazil","CR243191","Forest",305.309353
"Brazil","CR243192","Forest",305.556888
"Brazil","CR243193","Forest",305.741229
"Brazil","CR243194","Forest",290.205990
"Brazil","CR243194","OWL",0.261540
"Brazil","CR243195","Forest",304.410000
"Brazil","CR243196","Forest",303.750000
"Brazil","CR243197","Forest",304.090000
"Brazil","CR243198","Forest",301.840000
"Brazil","CR243199","Forest",243.344610
"Brazil","CR243199","OWL",0.001260
"Brazil","CR243200","Forest",223.677412
"Brazil","CR243201","Forest",170.207910
"Brazil","CR243201","OWL",0.476460
"Brazil","CR243202","Forest",122.817582
"Brazil","CR243203","Forest",11.268356
"Brazil","CR243204","Forest",146.805415
"Brazil","CR243205","Forest",210.136860
"Brazil","CR243205","OWL",51.343140
"Brazil","CR243206","Forest",78.149790
"Brazil","CR243206","OWL",35.668342
"Brazil","CR243207","Forest",29.237405
"Brazil","CR243208","Forest",40.360140
"Brazil","CR243208","OWL",6.782160
"Brazil","CR243209","Forest",14.464710
"Brazil","CR243209","OWL",30.036960
"Brazil","CR243210","Forest",19.277190
"Brazil","CR243210","OWL",157.701060
"Brazil","CR243211","Forest",25.852692
"Brazil","CR243212","Forest",21.990960
"Brazil","CR243212","OWL",3.619188
"Brazil","CR243213","Forest",12.156390
"Brazil","CR243213","OWL",23.431950
"Brazil","CR244177","Forest",16.829280
"Brazil","CR244178","Forest",300.358440
"Brazil","CR244179","Forest",306.840000
"Brazil","CR244180","Forest",305.630000
"Brazil","CR244181","Forest",304.780000
"Brazil","CR244182","Forest",306.000000
"Brazil","CR244183","Forest",306.061221
"Brazil","CR244184","Forest",302.897137
"Brazil","CR244185","Forest",273.769689
"Brazil","CR244186","Forest",158.418048
"Brazil","CR244186","OWL",0.005310
"Brazil","CR244187","Forest",145.345320
"Brazil","CR244187","OWL",0.004410
"Brazil","CR244188","Forest",268.113339
"Brazil","CR244189","Forest",296.755436
"Brazil","CR244190","Forest",300.097018
"Brazil","CR244191","Forest",305.568072
"Brazil","CR244192","Forest",304.480672
"Brazil","CR244193","Forest",276.513930
"Brazil","CR244193","OWL",0.053370
"Brazil","CR244194","Forest",261.732401
"Brazil","CR244194","OWL",0.527040
"Brazil","CR244195","Forest",283.450000
"Brazil","CR244196","Forest",297.280000
"Brazil","CR244197","Forest",299.701530
"Brazil","CR244197","OWL",0.131670
"Brazil","CR244198","Forest",293.154120
"Brazil","CR244198","OWL",0.214200
"Brazil","CR244199","Forest",250.058790
"Brazil","CR244199","OWL",0.008190
"Brazil","CR244200","Forest",212.452560
"Brazil","CR244200","OWL",0.337320
"Brazil","CR244201","Forest",149.630341
"Brazil","CR244201","OWL",0.326790
"Brazil","CR244202","Forest",189.209471
"Brazil","CR244203","Forest",83.715871
"Brazil","CR244204","Forest",22.430879
"Brazil","CR244205","Forest",205.268459
"Brazil","CR244205","OWL",8.176050
"Brazil","CR244206","Forest",110.909700
"Brazil","CR244206","OWL",69.580889
"Brazil","CR244207","Forest",96.171750
"Brazil","CR244207","OWL",99.899698
"Brazil","CR244208","Forest",57.306780
"Brazil","CR244208","OWL",69.069690
"Brazil","CR244209","Forest",9.766800
"Brazil","CR244209","OWL",25.802100
"Brazil","CR244210","Forest",57.966930
"Brazil","CR244210","OWL",154.375920
"Brazil","CR244211","Forest",31.288860
"Brazil","CR244211","OWL",13.204620
"Brazil","CR244212","Forest",27.768870
"Brazil","CR244212","OWL",16.000090
"Brazil","CR244213","Forest",34.601400
"Brazil","CR244213","OWL",36.504900
"Brazil","CR244214","Forest",28.000080
"Brazil","CR244214","OWL",34.715700
"Brazil","CR244215","Forest",4.340070
"Brazil","CR244215","OWL",5.590080
"Brazil","CR244220","Forest",0.067590
"Brazil","CR244220","OWL",0.276660
"Brazil","CR244221","Forest",0.355050
"Brazil","CR244221","OWL",15.535350
"Brazil","CR245177","Forest",103.826250
"Brazil","CR245178","Forest",306.890000
"Brazil","CR245179","Forest",307.170000
"Brazil","CR245180","Forest",307.140000
"Brazil","CR245181","Forest",307.210000
"Brazil","CR245182","Forest",303.240000
"Brazil","CR245183","Forest",306.550000
"Brazil","CR245184","Forest",306.457445
"Brazil","CR245185","Forest",266.187044
"Brazil","CR245185","OWL",0.002340
"Brazil","CR245186","Forest",103.527720
"Brazil","CR245186","OWL",0.008550
"Brazil","CR245187","Forest",192.456000
"Brazil","CR245187","OWL",0.008010
"Brazil","CR245188","Forest",237.592340
"Brazil","CR245188","OWL",0.017370
"Brazil","CR245189","Forest",289.560691
"Brazil","CR245190","Forest",304.433947
"Brazil","CR245191","Forest",305.503471
"Brazil","CR245192","Forest",289.273680
"Brazil","CR245192","OWL",0.004050
"Brazil","CR245193","Forest",252.172052
"Brazil","CR245194","Forest",279.941760
"Brazil","CR245194","OWL",1.651140
"Brazil","CR245195","Forest",237.550140
"Brazil","CR245195","OWL",2.095380
"Brazil","CR245196","Forest",292.980150
"Brazil","CR245196","OWL",0.157230
"Brazil","CR245197","Forest",296.985110
"Brazil","CR245197","OWL",0.021960
"Brazil","CR245198","Forest",290.504340
"Brazil","CR245198","OWL",0.121770
"Brazil","CR245199","Forest",264.600450
"Brazil","CR245199","OWL",0.103500
"Brazil","CR245200","Forest",133.530131
"Brazil","CR245200","OWL",0.044010
"Brazil","CR245201","Forest",149.932911
"Brazil","CR245201","OWL",0.227250
"Brazil","CR245202","Forest",158.761530
"Brazil","CR245202","OWL",0.386280
"Brazil","CR245203","Forest",39.903390
"Brazil","CR245204","Forest",86.350731
"Brazil","CR245205","Forest",171.079650
"Brazil","CR245205","OWL",4.164930
"Brazil","CR245206","Forest",223.072290
"Brazil","CR245206","OWL",20.231730
"Brazil","CR245207","Forest",2.212886
"Brazil","CR245208","Forest",4.716715
"Brazil","CR245209","Forest",35.340660
"Brazil","CR245209","OWL",6.351908
"Brazil","CR245210","Forest",64.883430
"Brazil","CR245210","OWL",6.051780
"Brazil","CR245211","Forest",116.495100
"Brazil","CR245211","OWL",2.063070
"Brazil","CR245212","Forest",60.450661
"Brazil","CR245213","Forest",73.277010
"Brazil","CR245213","OWL",59.058810
"Brazil","CR245214","Forest",60.019830
"Brazil","CR245214","OWL",82.250550
"Brazil","CR245215","Forest",7.106850
"Brazil","CR245215","OWL",14.605470
"Brazil","CR245216","Forest",26.677350
"Brazil","CR245216","OWL",17.613450
"Brazil","CR245217","Forest",12.555000
"Brazil","CR245217","OWL",4.573260
"Brazil","CR245218","Forest",21.455820
"Brazil","CR245218","OWL",4.254750
"Brazil","CR245219","Forest",74.579310
"Brazil","CR245219","OWL",10.326020
"Brazil","CR245220","Forest",14.148360
"Brazil","CR245220","OWL",7.056540
"Brazil","CR245221","Forest",3.616200
"Brazil","CR245221","OWL",28.829160
"Brazil","CR245222","Forest",50.221620
"Brazil","CR245222","OWL",67.980870
"Brazil","CR245223","Forest",55.347660
"Brazil","CR245223","OWL",40.697730
"Brazil","CR245224","Forest",40.486050
"Brazil","CR245224","OWL",57.128850
"Brazil","CR245225","Forest",16.561170
"Brazil","CR245225","OWL",11.044800
"Brazil","CR245241","Forest",0.533520
"Brazil","CR246177","Forest",267.574320
"Brazil","CR246178","Forest",305.130000
"Brazil","CR246179","Forest",306.790000
"Brazil","CR246180","Forest",306.450000
"Brazil","CR246181","Forest",306.270000
"Brazil","CR246182","Forest",304.480000
"Brazil","CR246183","Forest",301.950000
"Brazil","CR246184","Forest",294.221560
"Brazil","CR246184","OWL",0.029250
"Brazil","CR246185","Forest",239.616721
"Brazil","CR246185","OWL",0.026730
"Brazil","CR246186","Forest",95.469300
"Brazil","CR246186","OWL",0.032310
"Brazil","CR246187","Forest",256.825448
"Brazil","CR246188","Forest",281.453512
"Brazil","CR246189","Forest",305.962355
"Brazil","CR246190","Forest",305.690000
"Brazil","CR246191","Forest",284.978514
"Brazil","CR246192","Forest",271.339283
"Brazil","CR246193","Forest",302.855580
"Brazil","CR246193","OWL",0.003780
"Brazil","CR246194","Forest",304.860000
"Brazil","CR246195","Forest",290.682360
"Brazil","CR246195","OWL",0.092070
"Brazil","CR246196","Forest",284.275710
"Brazil","CR246196","OWL",1.234530
"Brazil","CR246197","Forest",299.391480
"Brazil","CR246197","OWL",0.779040
"Brazil","CR246198","Forest",297.562320
"Brazil","CR246198","OWL",0.072090
"Brazil","CR246199","Forest",212.336951
"Brazil","CR246199","OWL",0.029880
"Brazil","CR246200","Forest",133.615216
"Brazil","CR246201","Forest",174.691543
"Brazil","CR246202","Forest",224.977061
"Brazil","CR246203","Forest",36.835390
"Brazil","CR246204","Forest",121.306871
"Brazil","CR246205","Forest",232.147620
"Brazil","CR246205","OWL",0.067770
"Brazil","CR246206","Forest",192.124425
"Brazil","CR246207","Forest",170.133314
"Brazil","CR246208","Forest",22.154430
"Brazil","CR246209","Forest",34.634499
"Brazil","CR246210","Forest",48.513059
"Brazil","CR246211","Forest",99.536426
"Brazil","CR246212","Forest",96.753780
"Brazil","CR246212","OWL",52.631293
"Brazil","CR246213","Forest",66.192300
"Brazil","CR246213","OWL",84.987590
"Brazil","CR246214","Forest",49.217580
"Brazil","CR246214","OWL",25.097850
"Brazil","CR246215","Forest",68.795460
"Brazil","CR246215","OWL",7.513020
"Brazil","CR246216","Forest",52.622370
"Brazil","CR246216","OWL",8.387370
"Brazil","CR246217","Forest",50.871240
"Brazil","CR246217","OWL",12.868920
"Brazil","CR246218","Forest",81.144270
"Brazil","CR246218","OWL",15.089040
"Brazil","CR246219","Forest",46.862820
"Brazil","CR246219","OWL",34.175430
"Brazil","CR246220","Forest",37.498680
"Brazil","CR246220","OWL",46.588050
"Brazil","CR246221","Forest",60.405300
"Brazil","CR246221","OWL",74.577600
"Brazil","CR246222","Forest",68.106690
"Brazil","CR246222","OWL",162.736290
"Brazil","CR246223","Forest",71.673840
"Brazil","CR246223","OWL",73.593710
"Brazil","CR246224","Forest",53.521290
"Brazil","CR246224","OWL",64.905600
"Brazil","CR246225","Forest",14.321340
"Brazil","CR246225","OWL",20.780100
"Brazil","CR246240","Forest",3.127230
"Brazil","CR246241","Forest",3.108690
"Brazil","CR247177","Forest",245.251440
"Brazil","CR247177","OWL",0.003240
"Brazil","CR247178","Forest",306.840000
"Brazil","CR247179","Forest",296.630000
"Brazil","CR247180","Forest",303.063000
"Brazil","CR247181","Forest",303.620000
"Brazil","CR247182","Forest",303.460000
"Brazil","CR247183","Forest",260.301150
"Brazil","CR247183","OWL",0.007650
"Brazil","CR247184","Forest",274.782417
"Brazil","CR247185","Forest",101.249280
"Brazil","CR247185","OWL",0.173880
"Brazil","CR247186","Forest",124.274794
"Brazil","CR247187","Forest",261.250929
"Brazil","CR247188","Forest",299.408110
"Brazil","CR247189","Forest",306.270000
"Brazil","CR247190","Forest",285.363360
"Brazil","CR247191","Forest",265.178790
"Brazil","CR247191","OWL",0.005310
"Brazil","CR247192","Forest",302.114970
"Brazil","CR247193","Forest",303.840000
"Brazil","CR247194","Forest",278.586360
"Brazil","CR247194","OWL",0.034830
"Brazil","CR247195","Forest",296.454420
"Brazil","CR247195","OWL",0.022230
"Brazil","CR247196","Forest",292.196970
"Brazil","CR247196","OWL",0.291240
"Brazil","CR247197","Forest",274.693590
"Brazil","CR247197","OWL",1.038600
"Brazil","CR247198","Forest",303.459047
"Brazil","CR247199","Forest",208.557540
"Brazil","CR247199","OWL",0.137070
"Brazil","CR247200","Forest",124.802393
"Brazil","CR247200","OWL",0.324270
"Brazil","CR247201","Forest",119.572061
"Brazil","CR247202","Forest",230.401260
"Brazil","CR247202","OWL",3.369330
"Brazil","CR247203","Forest",130.943057
"Brazil","CR247204","Forest",195.033330
"Brazil","CR247204","OWL",0.065430
"Brazil","CR247205","Forest",127.733621
"Brazil","CR247205","OWL",0.083700
"Brazil","CR247206","Forest",148.903404
"Brazil","CR247206","OWL",0.085680
"Brazil","CR247207","Forest",144.315596
"Brazil","CR247208","Forest",6.147733
"Brazil","CR247209","Forest",41.907939
"Brazil","CR247209","OWL",0.081000
"Brazil","CR247210","Forest",76.537890
"Brazil","CR247210","OWL",1.131004
"Brazil","CR247211","Forest",62.331030
"Brazil","CR247211","OWL",54.838150
"Brazil","CR247212","Forest",58.899960
"Brazil","CR247212","OWL",46.598544
"Brazil","CR247213","Forest",52.799220
"Brazil","CR247213","OWL",69.678270
"Brazil","CR247214","Forest",115.342920
"Brazil","CR247214","OWL",45.758610
"Brazil","CR247215","Forest",123.824070
"Brazil","CR247215","OWL",20.345220
"Brazil","CR247216","Forest",87.266970
"Brazil","CR247216","OWL",35.320680
"Brazil","CR247217","Forest",49.348260
"Brazil","CR247217","OWL",12.760560
"Brazil","CR247218","Forest",51.048720
"Brazil","CR247218","OWL",5.552280
"Brazil","CR247219","Forest",73.998360
"Brazil","CR247219","OWL",14.739030
"Brazil","CR247220","Forest",60.299370
"Brazil","CR247220","OWL",61.271370
"Brazil","CR247221","Forest",120.399961
"Brazil","CR247221","OWL",15.499170
"Brazil","CR247222","Forest",131.785464
"Brazil","CR247222","OWL",53.810550
"Brazil","CR247223","Forest",123.457140
"Brazil","CR247223","OWL",41.552280
"Brazil","CR247224","Forest",50.840190
"Brazil","CR247224","OWL",36.740970
"Brazil","CR247225","Forest",30.115710
"Brazil","CR247225","OWL",14.406840
"Brazil","CR247239","Forest",7.248420
"Brazil","CR247240","Forest",5.931900
"Brazil","CR247241","Forest",5.067270
"Brazil","CR248176","Forest",11.975760
"Brazil","CR248176","OWL",0.002970
"Brazil","CR248177","Forest",204.767460
"Brazil","CR248177","OWL",0.040950
"Brazil","CR248178","Forest",279.829800
"Brazil","CR248178","OWL",0.054540
"Brazil","CR248179","Forest",306.560000
"Brazil","CR248180","Forest",304.680000
"Brazil","CR248181","Forest",304.770000
"Brazil","CR248182","Forest",303.537240
"Brazil","CR248183","Forest",248.972701
"Brazil","CR248184","Forest",173.149530
"Brazil","CR248184","OWL",0.001530
"Brazil","CR248185","Forest",102.219570
"Brazil","CR248185","OWL",0.025200
"Brazil","CR248186","Forest",296.398278
"Brazil","CR248187","Forest",303.166136
"Brazil","CR248188","Forest",291.280781
"Brazil","CR248189","Forest",191.399040
"Brazil","CR248189","OWL",0.001620
"Brazil","CR248190","Forest",202.547341
"Brazil","CR248191","Forest",271.446750
"Brazil","CR248191","OWL",0.002970
"Brazil","CR248192","Forest",304.740000
"Brazil","CR248193","Forest",293.259870
"Brazil","CR248193","OWL",0.004770
"Brazil","CR248194","Forest",277.329870
"Brazil","CR248194","OWL",0.010530
"Brazil","CR248195","Forest",298.189530
"Brazil","CR248195","OWL",0.016830
"Brazil","CR248196","Forest",301.131180
"Brazil","CR248196","OWL",0.569430
"Brazil","CR248197","Forest",260.862570
"Brazil","CR248197","OWL",5.898960
"Brazil","CR248198","Forest",302.035530
"Brazil","CR248198","OWL",1.449720
"Brazil","CR248199","Forest",220.989197
"Brazil","CR248199","OWL",0.457740
"Brazil","CR248200","Forest",76.672884
"Brazil","CR248201","Forest",41.711566
"Brazil","CR248202","Forest",140.953866
"Brazil","CR248202","OWL",0.143190
"Brazil","CR248203","Forest",143.323456
"Brazil","CR248203","OWL",4.074300
"Brazil","CR248204","Forest",156.266370
"Brazil","CR248204","OWL",0.271350
"Brazil","CR248205","Forest",105.465960
"Brazil","CR248205","OWL",2.568780
"Brazil","CR248206","Forest",4.245792
"Brazil","CR248207","Forest",4.152466
"Brazil","CR248208","Forest",57.041200
"Brazil","CR248209","Forest",93.677048
"Brazil","CR248210","Forest",35.039970
"Brazil","CR248210","OWL",72.448676
"Brazil","CR248211","Forest",43.144920
"Brazil","CR248211","OWL",62.143440
"Brazil","CR248212","Forest",31.931460
"Brazil","CR248212","OWL",39.629197
"Brazil","CR248213","Forest",40.115700
"Brazil","CR248213","OWL",54.622350
"Brazil","CR248214","Forest",146.767320
"Brazil","CR248214","OWL",59.213340
"Brazil","CR248215","Forest",90.176040
"Brazil","CR248215","OWL",66.667860
"Brazil","CR248216","Forest",42.567480
"Brazil","CR248216","OWL",57.883320
"Brazil","CR248217","Forest",45.525150
"Brazil","CR248217","OWL",32.456160
"Brazil","CR248218","Forest",74.346840
"Brazil","CR248218","OWL",12.138030
"Brazil","CR248219","Forest",77.506200
"Brazil","CR248219","OWL",25.148790
"Brazil","CR248220","Forest",67.879170
"Brazil","CR248220","OWL",39.895920
"Brazil","CR248221","Forest",75.361770
"Brazil","CR248221","OWL",25.290035
"Brazil","CR248222","Forest",92.570400
"Brazil","CR248222","OWL",2.582503
"Brazil","CR248223","Forest",22.031489
"Brazil","CR248224","Forest",32.548433
"Brazil","CR248225","Forest",14.725014
"Brazil","CR248238","Forest",5.635260
"Brazil","CR248239","Forest",12.681000
"Brazil","CR248240","Forest",14.207940
"Brazil","CR248241","Forest",11.886210
"Brazil","CR248242","Forest",4.208220
"Brazil","CR249176","Forest",173.403000
"Brazil","CR249176","OWL",0.495090
"Brazil","CR249177","Forest",46.741500
"Brazil","CR249177","OWL",3.359970
"Brazil","CR249178","Forest",224.196570
"Brazil","CR249178","OWL",1.108980
"Brazil","CR249179","Forest",254.989080
"Brazil","CR249179","OWL",4.885650
"Brazil","CR249180","Forest",304.530000
"Brazil","CR249181","Forest",306.280000
"Brazil","CR249182","Forest",306.060000
"Brazil","CR249183","Forest",235.430580
"Brazil","CR249183","OWL",0.076500
"Brazil","CR249184","Forest",87.459840
"Brazil","CR249184","OWL",0.001080
"Brazil","CR249185","Forest",148.775220
"Brazil","CR249185","OWL",0.003600
"Brazil","CR249186","Forest",287.888954
"Brazil","CR249187","Forest",305.540000
"Brazil","CR249188","Forest",170.427501
"Brazil","CR249189","Forest",138.898440
"Brazil","CR249190","Forest",234.767679
"Brazil","CR249191","Forest",292.358702
"Brazil","CR249192","Forest",297.854460
"Brazil","CR249192","OWL",0.021150
"Brazil","CR249193","Forest",224.678753
"Brazil","CR249193","OWL",0.005850
"Brazil","CR249194","Forest",250.628400
"Brazil","CR249194","OWL",0.032490
"Brazil","CR249195","Forest",248.600970
"Brazil","CR249195","OWL",0.005580
"Brazil","CR249196","Forest",269.426340
"Brazil","CR249196","OWL",0.614070
"Brazil","CR249197","Forest",282.006990
"Brazil","CR249197","OWL",4.194270
"Brazil","CR249198","Forest",299.124630
"Brazil","CR249198","OWL",3.533220
"Brazil","CR249199","Forest",281.382660
"Brazil","CR249199","OWL",1.267920
"Brazil","CR249200","Forest",136.929817
"Brazil","CR249200","OWL",0.119790
"Brazil","CR249201","Forest",22.386876
"Brazil","CR249202","Forest",30.641856
"Brazil","CR249203","Forest",151.482310
"Brazil","CR249203","OWL",0.163980
"Brazil","CR249204","Forest",69.448878
"Brazil","CR249205","Forest",9.515930
"Brazil","CR249206","Forest",5.705403
"Brazil","CR249207","Forest",8.791771
"Brazil","CR249208","Forest",44.002534
"Brazil","CR249209","Forest",69.939270
"Brazil","CR249209","OWL",32.120282
"Brazil","CR249210","Forest",31.192110
"Brazil","CR249210","OWL",57.020049
"Brazil","CR249211","Forest",46.708560
"Brazil","CR249211","OWL",156.168040
"Brazil","CR249212","Forest",74.673540
"Brazil","CR249212","OWL",91.828260
"Brazil","CR249213","Forest",79.955820
"Brazil","CR249213","OWL",76.440060
"Brazil","CR249214","Forest",79.722180
"Brazil","CR249214","OWL",89.142570
"Brazil","CR249215","Forest",51.591060
"Brazil","CR249215","OWL",124.956630
"Brazil","CR249216","Forest",13.488480
"Brazil","CR249216","OWL",57.677580
"Brazil","CR249217","Forest",43.576110
"Brazil","CR249217","OWL",47.521170
"Brazil","CR249218","Forest",64.672290
"Brazil","CR249218","OWL",21.317580
"Brazil","CR249219","Forest",51.475320
"Brazil","CR249219","OWL",20.346570
"Brazil","CR249220","Forest",78.863850
"Brazil","CR249220","OWL",14.240340
"Brazil","CR249221","Forest",97.618770
"Brazil","CR249221","OWL",11.104560
"Brazil","CR249222","Forest",24.481429
"Brazil","CR249223","Forest",25.307376
"Brazil","CR249224","Forest",23.995962
"Brazil","CR249225","Forest",19.100376
"Brazil","CR249226","Forest",13.520000
"Brazil","CR249227","Forest",2.240000
"Brazil","CR249237","Forest",10.948050
"Brazil","CR249238","Forest",19.400400
"Brazil","CR249239","Forest",19.459800
"Brazil","CR249240","Forest",18.496350
"Brazil","CR249241","Forest",23.835240
"Brazil","CR249242","Forest",23.661990
"Brazil","CR249243","Forest",0.178200
"Brazil","CR250175","Forest",6.049080
"Brazil","CR250176","Forest",290.170000
"Brazil","CR250177","Forest",302.642550
"Brazil","CR250177","OWL",0.443610
"Brazil","CR250178","Forest",306.670000
"Brazil","CR250179","Forest",306.020000
"Brazil","CR250180","Forest",305.880000
"Brazil","CR250181","Forest",305.840000
"Brazil","CR250182","Forest",303.845490
"Brazil","CR250182","OWL",0.279540
"Brazil","CR250183","Forest",280.234700
"Brazil","CR250183","OWL",0.045990
"Brazil","CR250184","Forest",139.428720
"Brazil","CR250184","OWL",0.002520
"Brazil","CR250185","Forest",67.949370
"Brazil","CR250185","OWL",0.025920
"Brazil","CR250186","Forest",168.882840
"Brazil","CR250186","OWL",0.001080
"Brazil","CR250187","Forest",207.188730
"Brazil","CR250187","OWL",0.010530
"Brazil","CR250188","Forest",250.938807
"Brazil","CR250188","OWL",0.000630
"Brazil","CR250189","Forest",208.709847
"Brazil","CR250190","Forest",304.601080
"Brazil","CR250191","Forest",305.720000
"Brazil","CR250192","Forest",305.690000
"Brazil","CR250193","Forest",241.942410
"Brazil","CR250193","OWL",0.007470
"Brazil","CR250194","Forest",135.291486
"Brazil","CR250194","OWL",0.007020
"Brazil","CR250195","Forest",146.687330
"Brazil","CR250195","OWL",0.076050
"Brazil","CR250196","Forest",166.710420
"Brazil","CR250196","OWL",0.138060
"Brazil","CR250197","Forest",162.252900
"Brazil","CR250197","OWL",6.927120
"Brazil","CR250198","Forest",243.954360
"Brazil","CR250198","OWL",8.739810
"Brazil","CR250199","Forest",262.164510
"Brazil","CR250199","OWL",17.801704
"Brazil","CR250200","Forest",136.473390
"Brazil","CR250200","OWL",0.940320
"Brazil","CR250201","Forest",20.269662
"Brazil","CR250202","Forest",12.920950
"Brazil","CR250203","Forest",170.773798
"Brazil","CR250203","OWL",0.006570
"Brazil","CR250204","Forest",149.136210
"Brazil","CR250204","OWL",0.005490
"Brazil","CR250205","Forest",130.797810
"Brazil","CR250205","OWL",0.242190
"Brazil","CR250206","Forest",134.301978
"Brazil","CR250206","OWL",0.346140
"Brazil","CR250207","Forest",75.170839
"Brazil","CR250208","Forest",90.540360
"Brazil","CR250208","OWL",67.234084
"Brazil","CR250209","Forest",41.306760
"Brazil","CR250209","OWL",173.878650
"Brazil","CR250210","Forest",31.879890
"Brazil","CR250210","OWL",113.955363
"Brazil","CR250211","Forest",27.935412
"Brazil","CR250212","Forest",43.203330
"Brazil","CR250212","OWL",19.996782
"Brazil","CR250213","Forest",39.479760
"Brazil","CR250213","OWL",6.456192
"Brazil","CR250214","Forest",54.137970
"Brazil","CR250214","OWL",110.233710
"Brazil","CR250215","Forest",50.426280
"Brazil","CR250215","OWL",102.309840
"Brazil","CR250216","Forest",32.041530
"Brazil","CR250216","OWL",46.087470
"Brazil","CR250217","Forest",35.515170
"Brazil","CR250217","OWL",39.041820
"Brazil","CR250218","Forest",37.334970
"Brazil","CR250218","OWL",26.911440
"Brazil","CR250219","Forest",68.045220
"Brazil","CR250219","OWL",22.082580
"Brazil","CR250220","Forest",101.940930
"Brazil","CR250220","OWL",5.118251
"Brazil","CR250221","Forest",27.755622
"Brazil","CR250222","Forest",41.422580
"Brazil","CR250223","Forest",17.106566
"Brazil","CR250224","Forest",22.063765
"Brazil","CR250225","Forest",29.922933
"Brazil","CR250226","Forest",33.848644
"Brazil","CR250227","Forest",22.350000
"Brazil","CR250228","Forest",27.380000
"Brazil","CR250236","Forest",10.015110
"Brazil","CR250237","Forest",46.890090
"Brazil","CR250238","Forest",47.975850
"Brazil","CR250239","Forest",52.949070
"Brazil","CR250240","Forest",27.902880
"Brazil","CR250241","Forest",26.993610
"Brazil","CR250242","Forest",20.702160
"Brazil","CR250243","Forest",1.579680
"Brazil","CR251176","Forest",242.385660
"Brazil","CR251176","OWL",0.007110
"Brazil","CR251177","Forest",306.790000
"Brazil","CR251178","Forest",306.190000
"Brazil","CR251179","Forest",306.460000
"Brazil","CR251180","Forest",305.220000
"Brazil","CR251181","Forest",302.883686
"Brazil","CR251182","Forest",296.660880
"Brazil","CR251182","OWL",0.068400
"Brazil","CR251183","Forest",267.382980
"Brazil","CR251183","OWL",0.105660
"Brazil","CR251184","Forest",120.045870
"Brazil","CR251184","OWL",0.004770
"Brazil","CR251185","Forest",34.308900
"Brazil","CR251185","OWL",0.002790
"Brazil","CR251186","Forest",146.375627
"Brazil","CR251186","OWL",0.004590
"Brazil","CR251187","Forest",245.735010
"Brazil","CR251188","Forest",210.776592
"Brazil","CR251189","Forest",198.302326
"Brazil","CR251190","Forest",299.727630
"Brazil","CR251190","OWL",0.018630
"Brazil","CR251191","Forest",304.229146
"Brazil","CR251192","Forest",304.220000
"Brazil","CR251193","Forest",292.138380
"Brazil","CR251193","OWL",0.016380
"Brazil","CR251194","Forest",286.278290
"Brazil","CR251194","OWL",0.007380
"Brazil","CR251195","Forest",298.960650
"Brazil","CR251195","OWL",0.016200
"Brazil","CR251196","Forest",256.776840
"Brazil","CR251196","OWL",0.063090
"Brazil","CR251197","Forest",232.074484
"Brazil","CR251197","OWL",5.251230
"Brazil","CR251198","Forest",176.180940
"Brazil","CR251198","OWL",12.192840
"Brazil","CR251199","Forest",160.432128
"Brazil","CR251199","OWL",20.193660
"Brazil","CR251200","Forest",114.842727
"Brazil","CR251200","OWL",0.926280
"Brazil","CR251201","Forest",80.726138
"Brazil","CR251202","Forest",119.298502
"Brazil","CR251203","Forest",192.501090
"Brazil","CR251203","OWL",0.002340
"Brazil","CR251204","Forest",195.820920
"Brazil","CR251205","Forest",204.478020
"Brazil","CR251205","OWL",0.342180
"Brazil","CR251206","Forest",169.301925
"Brazil","CR251206","OWL",0.513540
"Brazil","CR251207","Forest",173.152980
"Brazil","CR251207","OWL",17.456760
"Brazil","CR251208","Forest",93.182130
"Brazil","CR251208","OWL",79.654373
"Brazil","CR251209","Forest",25.805790
"Brazil","CR251209","OWL",177.048000
"Brazil","CR251210","Forest",42.073650
"Brazil","CR251210","OWL",37.428822
"Brazil","CR251211","Forest",11.955984
"Brazil","CR251212","Forest",34.607833
"Brazil","CR251213","Forest",44.887418
"Brazil","CR251214","Forest",33.606990
"Brazil","CR251214","OWL",14.892831
"Brazil","CR251215","Forest",9.665716
"Brazil","CR251216","Forest",43.430670
"Brazil","CR251216","OWL",13.840818
"Brazil","CR251217","Forest",33.645796
"Brazil","CR251218","Forest",29.759890
"Brazil","CR251219","Forest",20.550758
"Brazil","CR251220","Forest",70.213500
"Brazil","CR251220","OWL",12.511890
"Brazil","CR251221","Forest",59.255910
"Brazil","CR251221","OWL",4.995990
"Brazil","CR251222","Forest",25.671178
"Brazil","CR251222","OWL",0.326970
"Brazil","CR251223","Forest",16.151681
"Brazil","CR251224","Forest",27.381025
"Brazil","CR251225","Forest",21.105900
"Brazil","CR251225","OWL",0.804741
"Brazil","CR251226","Forest",20.910000
"Brazil","CR251227","Forest",23.020000
"Brazil","CR251228","Forest",27.933210
"Brazil","CR251228","OWL",0.150120
"Brazil","CR251231","Forest",2.040000
"Brazil","CR251232","Forest",1.010000
"Brazil","CR251236","Forest",33.380600
"Brazil","CR251237","Forest",43.033410
"Brazil","CR251238","Forest",46.671120
"Brazil","CR251239","Forest",63.496080
"Brazil","CR251240","Forest",37.840860
"Brazil","CR251241","Forest",17.664120
"Brazil","CR251242","Forest",16.309080
"Brazil","CR251243","Forest",7.022430
"Brazil","CR252176","Forest",103.618530
"Brazil","CR252176","OWL",0.001350
"Brazil","CR252177","Forest",306.870000
"Brazil","CR252178","Forest",307.420000
"Brazil","CR252179","Forest",305.850000
"Brazil","CR252180","Forest",306.820000
"Brazil","CR252181","Forest",306.330000
"Brazil","CR252182","Forest",303.490000
"Brazil","CR252183","Forest",240.702556
"Brazil","CR252184","Forest",104.737860
"Brazil","CR252184","OWL",0.006030
"Brazil","CR252185","Forest",64.773450
"Brazil","CR252185","OWL",0.013860
"Brazil","CR252186","Forest",230.520315
"Brazil","CR252187","Forest",284.418180
"Brazil","CR252188","Forest",162.959235
"Brazil","CR252189","Forest",276.995970
"Brazil","CR252189","OWL",0.000900
"Brazil","CR252190","Forest",296.255430
"Brazil","CR252190","OWL",0.036810
"Brazil","CR252191","Forest",303.070000
"Brazil","CR252192","Forest",301.540000
"Brazil","CR252193","Forest",301.149900
"Brazil","CR252193","OWL",0.003240
"Brazil","CR252194","Forest",304.400000
"Brazil","CR252195","Forest",304.860000
"Brazil","CR252196","Forest",304.440000
"Brazil","CR252197","Forest",304.240000
"Brazil","CR252198","Forest",303.420000
"Brazil","CR252199","Forest",292.760030
"Brazil","CR252199","OWL",1.681110
"Brazil","CR252200","Forest",218.249820
"Brazil","CR252200","OWL",3.335760
"Brazil","CR252201","Forest",125.204838
"Brazil","CR252201","OWL",1.219140
"Brazil","CR252202","Forest",226.344420
"Brazil","CR252202","OWL",0.179730
"Brazil","CR252203","Forest",171.836440
"Brazil","CR252203","OWL",0.000630
"Brazil","CR252204","Forest",227.623487
"Brazil","CR252205","Forest",220.102920
"Brazil","CR252205","OWL",1.957320
"Brazil","CR252206","Forest",240.249152
"Brazil","CR252207","Forest",131.124780
"Brazil","CR252207","OWL",2.438100
"Brazil","CR252208","Forest",87.026490
"Brazil","CR252208","OWL",113.665160
"Brazil","CR252209","Forest",14.742900
"Brazil","CR252209","OWL",49.881921
"Brazil","CR252210","Forest",9.703170
"Brazil","CR252210","OWL",23.033921
"Brazil","CR252211","Forest",6.191236
"Brazil","CR252212","Forest",28.071813
"Brazil","CR252212","OWL",2.276010
"Brazil","CR252213","Forest",43.514080
"Brazil","CR252214","Forest",35.614311
"Brazil","CR252215","Forest",19.795770
"Brazil","CR252215","OWL",3.168034
"Brazil","CR252216","Forest",32.452830
"Brazil","CR252216","OWL",56.742210
"Brazil","CR252217","Forest",25.762735
"Brazil","CR252218","Forest",41.851170
"Brazil","CR252218","OWL",34.740918
"Brazil","CR252219","Forest",33.497025
"Brazil","CR252220","Forest",16.255039
"Brazil","CR252221","Forest",24.312420
"Brazil","CR252221","OWL",25.084440
"Brazil","CR252222","Forest",10.332672
"Brazil","CR252223","Forest",24.218737
"Brazil","CR252224","Forest",39.323160
"Brazil","CR252224","OWL",5.352120
"Brazil","CR252225","Forest",12.529580
"Brazil","CR252226","Forest",18.970000
"Brazil","CR252227","Forest",34.391970
"Brazil","CR252227","OWL",0.015120
"Brazil","CR252228","Forest",23.767200
"Brazil","CR252228","OWL",0.029700
"Brazil","CR252229","Forest",18.790000
"Brazil","CR252230","Forest",34.978646
"Brazil","CR252231","Forest",47.147046
"Brazil","CR252232","Forest",27.080000
"Brazil","CR252235","Forest",9.600000
"Brazil","CR252236","Forest",28.690000
"Brazil","CR252237","Forest",25.680000
"Brazil","CR252238","Forest",32.631056
"Brazil","CR252239","Forest",53.467110
"Brazil","CR252240","Forest",44.086230
"Brazil","CR252241","Forest",26.389800
"Brazil","CR252242","Forest",37.212210
"Brazil","CR252243","Forest",19.848510
"Brazil","CR252244","Forest",7.318350
"Brazil","CR253176","Forest",171.389610
"Brazil","CR253177","Forest",306.970000
"Brazil","CR253178","Forest",305.840000
"Brazil","CR253179","Forest",307.050000
"Brazil","CR253180","Forest",305.400000
"Brazil","CR253181","Forest",305.100000
"Brazil","CR253182","Forest",305.487540
"Brazil","CR253183","Forest",214.765560
"Brazil","CR253183","OWL",0.000900
"Brazil","CR253184","Forest",111.691980
"Brazil","CR253184","OWL",0.013410
"Brazil","CR253185","Forest",168.624270
"Brazil","CR253186","Forest",303.837660
"Brazil","CR253187","Forest",270.193320
"Brazil","CR253188","Forest",126.526434
"Brazil","CR253189","Forest",242.922600
"Brazil","CR253189","OWL",0.001890
"Brazil","CR253190","Forest",304.830000
"Brazil","CR253191","Forest",306.000000
"Brazil","CR253192","Forest",263.909610
"Brazil","CR253192","OWL",0.117270
"Brazil","CR253193","Forest",249.202800
"Brazil","CR253193","OWL",0.209880
"Brazil","CR253194","Forest",290.368440
"Brazil","CR253194","OWL",0.073440
"Brazil","CR253195","Forest",302.250000
"Brazil","CR253196","Forest",304.510000
"Brazil","CR253197","Forest",303.760000
"Brazil","CR253198","Forest",303.580000
"Brazil","CR253199","Forest",302.640000
"Brazil","CR253200","Forest",253.935180
"Brazil","CR253200","OWL",0.537750
"Brazil","CR253201","Forest",177.642450
"Brazil","CR253201","OWL",0.615150
"Brazil","CR253202","Forest",220.214804
"Brazil","CR253202","OWL",0.081810
"Brazil","CR253203","Forest",274.982220
"Brazil","CR253203","OWL",1.044630
"Brazil","CR253204","Forest",277.297700
"Brazil","CR253204","OWL",3.783870
"Brazil","CR253205","Forest",275.166000
"Brazil","CR253205","OWL",8.550790
"Brazil","CR253206","Forest",295.360000
"Brazil","CR253207","Forest",162.764550
"Brazil","CR253207","OWL",2.568420
"Brazil","CR253208","Forest",37.342170
"Brazil","CR253208","OWL",78.851641
"Brazil","CR253209","Forest",8.097840
"Brazil","CR253209","OWL",75.445314
"Brazil","CR253210","Forest",27.059130
"Brazil","CR253210","OWL",8.622910
"Brazil","CR253211","Forest",35.088390
"Brazil","CR253211","OWL",36.621605
"Brazil","CR253212","Forest",24.660900
"Brazil","CR253212","OWL",24.636262
"Brazil","CR253213","Forest",19.419660
"Brazil","CR253213","OWL",33.423324
"Brazil","CR253214","Forest",18.964710
"Brazil","CR253214","OWL",12.600002
"Brazil","CR253215","Forest",21.351840
"Brazil","CR253215","OWL",11.423762
"Brazil","CR253216","Forest",30.042335
"Brazil","CR253217","Forest",48.072420
"Brazil","CR253217","OWL",38.513070
"Brazil","CR253218","Forest",31.887270
"Brazil","CR253218","OWL",35.344634
"Brazil","CR253219","Forest",18.327606
"Brazil","CR253220","Forest",11.510238
"Brazil","CR253221","Forest",11.489968
"Brazil","CR253222","Forest",19.562259
"Brazil","CR253223","Forest",25.722823
"Brazil","CR253224","Forest",20.127414
"Brazil","CR253225","Forest",22.226310
"Brazil","CR253225","OWL",0.974790
"Brazil","CR253226","Forest",31.524390
"Brazil","CR253227","Forest",24.681510
"Brazil","CR253228","Forest",22.339530
"Brazil","CR253229","Forest",12.741740
"Brazil","CR253230","Forest",27.766615
"Brazil","CR253231","Forest",127.609373
"Brazil","CR253232","Forest",55.757800
"Brazil","CR253233","Forest",18.105223
"Brazil","CR253234","Forest",28.841742
"Brazil","CR253235","Forest",56.700442
"Brazil","CR253236","Forest",24.758155
"Brazil","CR253237","Forest",21.739215
"Brazil","CR253238","Forest",26.703142
"Brazil","CR253239","Forest",37.303380
"Brazil","CR253240","Forest",72.508567
"Brazil","CR253241","Forest",48.642750
"Brazil","CR253242","Forest",70.643520
"Brazil","CR253243","Forest",35.503830
"Brazil","CR253244","Forest",37.071630
"Brazil","CR253245","Forest",17.133210
"Brazil","CR254176","Forest",145.532880
"Brazil","CR254177","Forest",307.260000
"Brazil","CR254178","Forest",306.580000
"Brazil","CR254179","Forest",304.890000
"Brazil","CR254180","Forest",304.310000
"Brazil","CR254181","Forest",307.480000
"Brazil","CR254182","Forest",280.046480
"Brazil","CR254183","Forest",278.818290
"Brazil","CR254183","OWL",0.009540
"Brazil","CR254184","Forest",143.316540
"Brazil","CR254184","OWL",0.206460
"Brazil","CR254185","Forest",273.549870
"Brazil","CR254186","Forest",300.805560
"Brazil","CR254187","Forest",221.237190
"Brazil","CR254188","Forest",237.260309
"Brazil","CR254189","Forest",292.997520
"Brazil","CR254189","OWL",0.013230
"Brazil","CR254190","Forest",305.462190
"Brazil","CR254190","OWL",0.006030
"Brazil","CR254191","Forest",306.070000
"Brazil","CR254192","Forest",272.608380
"Brazil","CR254192","OWL",0.347220
"Brazil","CR254193","Forest",190.862460
"Brazil","CR254193","OWL",0.182250
"Brazil","CR254194","Forest",280.954620
"Brazil","CR254194","OWL",0.126630
"Brazil","CR254195","Forest",298.975770
"Brazil","CR254195","OWL",0.391950
"Brazil","CR254196","Forest",302.370000
"Brazil","CR254197","Forest",302.249980
"Brazil","CR254197","OWL",0.369450
"Brazil","CR254198","Forest",300.038490
"Brazil","CR254198","OWL",2.331510
"Brazil","CR254199","Forest",302.730000
"Brazil","CR254200","Forest",263.418830
"Brazil","CR254200","OWL",16.107390
"Brazil","CR254201","Forest",291.436200
"Brazil","CR254201","OWL",3.439870
"Brazil","CR254202","Forest",286.827660
"Brazil","CR254202","OWL",3.952340
"Brazil","CR254203","Forest",282.335760
"Brazil","CR254203","OWL",4.611240
"Brazil","CR254204","Forest",292.470000
"Brazil","CR254205","Forest",213.011550
"Brazil","CR254205","OWL",35.073180
"Brazil","CR254206","Forest",256.032990
"Brazil","CR254206","OWL",26.567370
"Brazil","CR254207","Forest",113.985540
"Brazil","CR254207","OWL",13.022100
"Brazil","CR254208","Forest",26.361900
"Brazil","CR254208","OWL",38.238744
"Brazil","CR254209","Forest",25.681230
"Brazil","CR254209","OWL",177.097590
"Brazil","CR254210","Forest",18.056430
"Brazil","CR254210","OWL",97.680329
"Brazil","CR254211","Forest",14.414670
"Brazil","CR254211","OWL",6.788535
"Brazil","CR254212","Forest",14.877900
"Brazil","CR254212","OWL",53.848775
"Brazil","CR254213","Forest",16.613010
"Brazil","CR254213","OWL",24.768483
"Brazil","CR254214","Forest",15.646770
"Brazil","CR254214","OWL",26.847200
"Brazil","CR254215","Forest",22.451040
"Brazil","CR254215","OWL",6.399831
"Brazil","CR254216","Forest",22.328239
"Brazil","CR254217","Forest",57.916980
"Brazil","CR254217","OWL",24.998940
"Brazil","CR254218","Forest",29.998080
"Brazil","CR254218","OWL",37.048500
"Brazil","CR254219","Forest",9.787500
"Brazil","CR254219","OWL",5.399180
"Brazil","CR254220","Forest",20.884230
"Brazil","CR254220","OWL",39.122640
"Brazil","CR254221","Forest",9.132570
"Brazil","CR254221","OWL",3.179694
"Brazil","CR254222","Forest",11.943894
"Brazil","CR254223","Forest",31.044303
"Brazil","CR254224","Forest",23.236565
"Brazil","CR254225","Forest",23.553630
"Brazil","CR254225","OWL",6.660810
"Brazil","CR254226","Forest",30.395160
"Brazil","CR254227","Forest",16.968992
"Brazil","CR254228","Forest",17.687406
"Brazil","CR254229","Forest",19.171363
"Brazil","CR254230","Forest",35.934746
"Brazil","CR254231","Forest",54.620000
"Brazil","CR254232","Forest",53.180000
"Brazil","CR254233","Forest",75.652266
"Brazil","CR254234","Forest",78.370265
"Brazil","CR254235","Forest",53.200876
"Brazil","CR254236","Forest",31.533248
"Brazil","CR254237","Forest",16.590463
"Brazil","CR254238","Forest",25.956631
"Brazil","CR254239","Forest",52.184200
"Brazil","CR254240","Forest",62.178159
"Brazil","CR254241","Forest",43.617780
"Brazil","CR254242","Forest",69.423750
"Brazil","CR254243","Forest",85.887630
"Brazil","CR254244","Forest",83.563470
"Brazil","CR254245","Forest",40.749840
"Brazil","CR254246","Forest",0.768060
"Brazil","CR254247","Forest",0.342540
"Brazil","CR254248","Forest",0.453060
"Brazil","CR255175","Forest",9.509040
"Brazil","CR255176","Forest",201.254400
"Brazil","CR255177","Forest",307.078871
"Brazil","CR255178","Forest",307.080000
"Brazil","CR255179","Forest",307.340000
"Brazil","CR255180","Forest",307.390000
"Brazil","CR255181","Forest",303.464070
"Brazil","CR255181","OWL",0.005040
"Brazil","CR255182","Forest",237.575880
"Brazil","CR255182","OWL",0.007380
"Brazil","CR255183","Forest",255.795660
"Brazil","CR255183","OWL",0.037800
"Brazil","CR255184","Forest",91.432710
"Brazil","CR255184","OWL",0.542970
"Brazil","CR255185","Forest",296.075670
"Brazil","CR255185","OWL",0.000810
"Brazil","CR255186","Forest",255.918864
"Brazil","CR255187","Forest",129.685230
"Brazil","CR255187","OWL",0.002520
"Brazil","CR255188","Forest",212.787396
"Brazil","CR255189","Forest",291.835710
"Brazil","CR255189","OWL",0.009450
"Brazil","CR255190","Forest",270.480000
"Brazil","CR255191","Forest",278.480000
"Brazil","CR255192","Forest",281.193030
"Brazil","CR255192","OWL",0.227520
"Brazil","CR255193","Forest",167.720580
"Brazil","CR255193","OWL",3.282300
"Brazil","CR255194","Forest",225.461520
"Brazil","CR255194","OWL",2.617200
"Brazil","CR255195","Forest",277.842150
"Brazil","CR255195","OWL",1.265310
"Brazil","CR255196","Forest",290.760000
"Brazil","CR255197","Forest",291.170000
"Brazil","CR255198","Forest",296.840000
"Brazil","CR255199","Forest",296.873558
"Brazil","CR255200","Forest",289.307070
"Brazil","CR255200","OWL",5.682930
"Brazil","CR255201","Forest",141.668082
"Brazil","CR255202","Forest",71.210959
"Brazil","CR255203","Forest",104.485102
"Brazil","CR255204","Forest",205.714449
"Brazil","CR255204","OWL",4.375800
"Brazil","CR255205","Forest",175.470965
"Brazil","CR255206","Forest",202.044700
"Brazil","CR255206","OWL",10.189645
"Brazil","CR255207","Forest",59.625210
"Brazil","CR255208","Forest",9.423180
"Brazil","CR255208","OWL",17.372644
"Brazil","CR255209","Forest",6.077790
"Brazil","CR255209","OWL",46.033628
"Brazil","CR255210","Forest",10.842030
"Brazil","CR255210","OWL",19.246182
"Brazil","CR255211","Forest",9.115200
"Brazil","CR255211","OWL",200.357010
"Brazil","CR255212","Forest",15.500340
"Brazil","CR255212","OWL",15.854550
"Brazil","CR255213","Forest",17.478450
"Brazil","CR255213","OWL",28.396930
"Brazil","CR255214","Forest",17.674650
"Brazil","CR255214","OWL",91.450080
"Brazil","CR255215","Forest",24.599070
"Brazil","CR255215","OWL",9.984119
"Brazil","CR255216","Forest",28.753920
"Brazil","CR255216","OWL",33.821898
"Brazil","CR255217","Forest",6.656580
"Brazil","CR255217","OWL",43.847550
"Brazil","CR255218","Forest",9.408150
"Brazil","CR255218","OWL",3.337492
"Brazil","CR255219","Forest",23.486400
"Brazil","CR255219","OWL",18.387241
"Brazil","CR255220","Forest",26.146350
"Brazil","CR255220","OWL",29.274660
"Brazil","CR255222","Forest",30.602070
"Brazil","CR255222","OWL",16.718760
"Brazil","CR255223","Forest",33.458850
"Brazil","CR255223","OWL",6.344280
"Brazil","CR255224","Forest",14.622677
"Brazil","CR255225","Forest",27.213030
"Brazil","CR255225","OWL",1.684260
"Brazil","CR255226","Forest",18.225148
"Brazil","CR255227","Forest",17.188798
"Brazil","CR255228","Forest",32.850415
"Brazil","CR255229","Forest",18.637643
"Brazil","CR255230","Forest",69.349641
"Brazil","CR255231","Forest",75.971318
"Brazil","CR255232","Forest",52.636000
"Brazil","CR255233","Forest",54.589800
"Brazil","CR255234","Forest",72.794321
"Brazil","CR255235","Forest",66.178726
"Brazil","CR255236","Forest",35.505796
"Brazil","CR255237","Forest",30.844348
"Brazil","CR255238","Forest",39.867584
"Brazil","CR255239","Forest",123.211952
"Brazil","CR255240","Forest",82.534846
"Brazil","CR255241","Forest",45.894330
"Brazil","CR255242","Forest",107.336340
"Brazil","CR255243","Forest",90.421470
"Brazil","CR255244","Forest",69.196860
"Brazil","CR255245","Forest",3.317040
"Brazil","CR255246","Forest",0.335700
"Brazil","CR255247","Forest",0.081180
"Brazil","CR256173","Forest",4.939020
"Brazil","CR256174","Forest",138.865140
"Brazil","CR256175","Forest",283.205520
"Brazil","CR256175","OWL",0.000540
"Brazil","CR256176","Forest",306.490000
"Brazil","CR256177","Forest",307.280000
"Brazil","CR256178","Forest",304.889740
"Brazil","CR256179","Forest",305.070000
"Brazil","CR256180","Forest",307.275182
"Brazil","CR256181","Forest",292.816440
"Brazil","CR256181","OWL",0.277290
"Brazil","CR256182","Forest",275.264730
"Brazil","CR256182","OWL",0.089460
"Brazil","CR256183","Forest",187.280730
"Brazil","CR256183","OWL",0.045360
"Brazil","CR256184","Forest",114.203250
"Brazil","CR256184","OWL",0.028800
"Brazil","CR256185","Forest",204.301562
"Brazil","CR256186","Forest",138.901296
"Brazil","CR256187","Forest",84.324561
"Brazil","CR256188","Forest",182.080260
"Brazil","CR256189","Forest",300.253500
"Brazil","CR256189","OWL",0.000630
"Brazil","CR256190","Forest",306.202590
"Brazil","CR256190","OWL",0.007410
"Brazil","CR256191","Forest",303.010000
"Brazil","CR256192","Forest",268.850970
"Brazil","CR256192","OWL",8.140500
"Brazil","CR256193","Forest",104.528411
"Brazil","CR256193","OWL",3.705030
"Brazil","CR256194","Forest",137.483190
"Brazil","CR256194","OWL",2.183310
"Brazil","CR256195","Forest",275.806260
"Brazil","CR256195","OWL",2.332240
"Brazil","CR256196","Forest",299.340000
"Brazil","CR256197","Forest",252.839970
"Brazil","CR256197","OWL",14.536980
"Brazil","CR256198","Forest",270.841070
"Brazil","CR256198","OWL",7.642080
"Brazil","CR256199","Forest",279.748080
"Brazil","CR256199","OWL",8.956620
"Brazil","CR256200","Forest",228.698460
"Brazil","CR256200","OWL",20.998260
"Brazil","CR256201","Forest",132.727304
"Brazil","CR256202","Forest",51.245837
"Brazil","CR256203","Forest",149.227380
"Brazil","CR256203","OWL",1.789650
"Brazil","CR256204","Forest",157.856998
"Brazil","CR256204","OWL",2.963790
"Brazil","CR256205","Forest",86.032246
"Brazil","CR256206","Forest",111.510017
"Brazil","CR256206","OWL",2.806470
"Brazil","CR256207","Forest",37.333358
"Brazil","CR256208","Forest",10.661108
"Brazil","CR256209","Forest",30.472380
"Brazil","CR256209","OWL",10.782832
"Brazil","CR256210","Forest",50.452560
"Brazil","CR256210","OWL",6.010060
"Brazil","CR256211","Forest",23.025815
"Brazil","CR256212","Forest",29.799180
"Brazil","CR256212","OWL",11.867869
"Brazil","CR256213","Forest",33.161940
"Brazil","CR256213","OWL",97.714080
"Brazil","CR256214","Forest",25.208550
"Brazil","CR256214","OWL",65.138220
"Brazil","CR256215","Forest",33.575310
"Brazil","CR256215","OWL",0.008158
"Brazil","CR256216","Forest",32.319703
"Brazil","CR256217","Forest",27.576000
"Brazil","CR256217","OWL",53.476830
"Brazil","CR256218","Forest",21.817980
"Brazil","CR256218","OWL",20.425950
"Brazil","CR256219","Forest",31.718880
"Brazil","CR256219","OWL",4.379310
"Brazil","CR256220","Forest",28.788840
"Brazil","CR256220","OWL",8.663580
"Brazil","CR256221","Forest",39.538170
"Brazil","CR256221","OWL",5.367150
"Brazil","CR256222","Forest",40.234590
"Brazil","CR256222","OWL",6.196320
"Brazil","CR256223","Forest",31.571910
"Brazil","CR256223","OWL",1.334339
"Brazil","CR256224","Forest",12.647520
"Brazil","CR256224","OWL",1.036710
"Brazil","CR256225","Forest",28.559793
"Brazil","CR256226","Forest",43.419929
"Brazil","CR256227","Forest",16.831497
"Brazil","CR256228","Forest",26.060669
"Brazil","CR256229","Forest",41.353443
"Brazil","CR256230","Forest",55.947000
"Brazil","CR256231","Forest",75.608296
"Brazil","CR256232","Forest",52.846529
"Brazil","CR256233","Forest",63.504327
"Brazil","CR256234","Forest",64.466147
"Brazil","CR256235","Forest",100.161875
"Brazil","CR256236","Forest",54.117600
"Brazil","CR256237","Forest",43.581762
"Brazil","CR256238","Forest",86.767534
"Brazil","CR256239","Forest",173.076297
"Brazil","CR256240","Forest",79.733534
"Brazil","CR256241","Forest",50.345370
"Brazil","CR256242","Forest",110.069820
"Brazil","CR256243","Forest",89.204760
"Brazil","CR256244","Forest",25.796880
"Brazil","CR256245","Forest",2.316150
"Brazil","CR256246","Forest",0.745110
"Brazil","CR257172","Forest",21.809790
"Brazil","CR257172","OWL",0.665550
"Brazil","CR257173","Forest",199.431180
"Brazil","CR257173","OWL",0.480330
"Brazil","CR257174","Forest",305.610000
"Brazil","CR257175","Forest",303.510000
"Brazil","CR257176","Forest",304.029257
"Brazil","CR257177","Forest",306.960000
"Brazil","CR257178","Forest",306.180000
"Brazil","CR257179","Forest",290.056140
"Brazil","CR257179","OWL",0.049590
"Brazil","CR257180","Forest",297.015930
"Brazil","CR257180","OWL",0.065790
"Brazil","CR257181","Forest",228.933540
"Brazil","CR257181","OWL",0.405180
"Brazil","CR257182","Forest",225.716580
"Brazil","CR257182","OWL",0.398160
"Brazil","CR257183","Forest",196.445970
"Brazil","CR257183","OWL",0.001350
"Brazil","CR257184","Forest",278.099954
"Brazil","CR257185","Forest",283.627980
"Brazil","CR257185","OWL",0.002430
"Brazil","CR257186","Forest",183.060700
"Brazil","CR257186","OWL",0.002340
"Brazil","CR257187","Forest",103.549590
"Brazil","CR257187","OWL",0.007380
"Brazil","CR257188","Forest",234.000990
"Brazil","CR257189","Forest",302.544900
"Brazil","CR257189","OWL",0.008730
"Brazil","CR257190","Forest",305.960000
"Brazil","CR257191","Forest",302.080000
"Brazil","CR257192","Forest",215.869590
"Brazil","CR257192","OWL",7.025040
"Brazil","CR257193","Forest",124.828452
"Brazil","CR257193","OWL",5.892750
"Brazil","CR257194","Forest",94.433194
"Brazil","CR257194","OWL",3.597480
"Brazil","CR257195","Forest",293.661630
"Brazil","CR257195","OWL",1.604250
"Brazil","CR257196","Forest",227.833740
"Brazil","CR257196","OWL",31.810680
"Brazil","CR257197","Forest",246.330540
"Brazil","CR257197","OWL",19.222740
"Brazil","CR257198","Forest",188.035560
"Brazil","CR257198","OWL",22.429440
"Brazil","CR257199","Forest",105.482610
"Brazil","CR257199","OWL",23.799600
"Brazil","CR257200","Forest",151.380630
"Brazil","CR257200","OWL",2.944800
"Brazil","CR257201","Forest",111.638700
"Brazil","CR257201","OWL",1.786500
"Brazil","CR257202","Forest",52.397640
"Brazil","CR257202","OWL",34.160220
"Brazil","CR257203","Forest",74.338740
"Brazil","CR257203","OWL",7.556411
"Brazil","CR257204","Forest",83.933730
"Brazil","CR257204","OWL",21.813030
"Brazil","CR257205","Forest",105.490710
"Brazil","CR257205","OWL",10.128240
"Brazil","CR257206","Forest",74.829645
"Brazil","CR257207","Forest",16.398990
"Brazil","CR257207","OWL",145.425448
"Brazil","CR257208","Forest",24.298830
"Brazil","CR257208","OWL",117.883620
"Brazil","CR257209","Forest",56.091420
"Brazil","CR257209","OWL",95.950440
"Brazil","CR257210","Forest",42.511680
"Brazil","CR257210","OWL",72.786420
"Brazil","CR257211","Forest",29.293268
"Brazil","CR257212","Forest",33.077520
"Brazil","CR257212","OWL",44.122410
"Brazil","CR257213","Forest",23.999850
"Brazil","CR257213","OWL",56.575620
"Brazil","CR257214","Forest",29.874600
"Brazil","CR257214","OWL",53.131770
"Brazil","CR257215","Forest",30.415950
"Brazil","CR257215","OWL",25.547940
"Brazil","CR257216","Forest",32.889637
"Brazil","CR257217","Forest",25.368224
"Brazil","CR257218","Forest",49.689630
"Brazil","CR257218","OWL",15.854400
"Brazil","CR257219","Forest",58.606380
"Brazil","CR257219","OWL",4.575060
"Brazil","CR257220","Forest",42.169680
"Brazil","CR257220","OWL",6.514650
"Brazil","CR257221","Forest",36.145620
"Brazil","CR257221","OWL",11.146860
"Brazil","CR257222","Forest",27.872730
"Brazil","CR257222","OWL",4.064580
"Brazil","CR257223","Forest",27.049500
"Brazil","CR257223","OWL",0.147510
"Brazil","CR257224","Forest",14.390550
"Brazil","CR257225","Forest",11.622183
"Brazil","CR257226","Forest",11.129235
"Brazil","CR257227","Forest",15.105247
"Brazil","CR257228","Forest",26.131051
"Brazil","CR257229","Forest",30.031589
"Brazil","CR257230","Forest",62.732847
"Brazil","CR257231","Forest",80.173722
"Brazil","CR257232","Forest",85.051397
"Brazil","CR257233","Forest",148.274982
"Brazil","CR257234","Forest",105.876862
"Brazil","CR257235","Forest",110.305287
"Brazil","CR257236","Forest",54.527270
"Brazil","CR257237","Forest",54.182000
"Brazil","CR257238","Forest",123.512681
"Brazil","CR257239","Forest",132.988991
"Brazil","CR257240","Forest",104.586300
"Brazil","CR257241","Forest",95.652360
"Brazil","CR257242","Forest",81.809730
"Brazil","CR257243","Forest",17.662320
"Brazil","CR257244","Forest",2.780460
"Brazil","CR258172","Forest",16.987590
"Brazil","CR258172","OWL",0.294030
"Brazil","CR258173","Forest",88.874820
"Brazil","CR258173","OWL",1.196190
"Brazil","CR258174","Forest",200.528730
"Brazil","CR258174","OWL",0.313920
"Brazil","CR258175","Forest",287.672220
"Brazil","CR258175","OWL",0.014220
"Brazil","CR258176","Forest",302.192640
"Brazil","CR258176","OWL",0.003870
"Brazil","CR258177","Forest",306.563040
"Brazil","CR258177","OWL",0.011430
"Brazil","CR258178","Forest",244.624586
"Brazil","CR258178","OWL",0.131220
"Brazil","CR258179","Forest",136.928430
"Brazil","CR258179","OWL",1.672650
"Brazil","CR258180","Forest",104.552730
"Brazil","CR258180","OWL",1.736010
"Brazil","CR258181","Forest",91.325700
"Brazil","CR258181","OWL",1.812510
"Brazil","CR258182","Forest",174.045346
"Brazil","CR258183","Forest",209.219359
"Brazil","CR258184","Forest",209.117610
"Brazil","CR258184","OWL",0.032400
"Brazil","CR258185","Forest",241.254000
"Brazil","CR258185","OWL",0.002340
"Brazil","CR258186","Forest",293.001750
"Brazil","CR258187","Forest",159.312447
"Brazil","CR258187","OWL",0.001800
"Brazil","CR258188","Forest",178.919820
"Brazil","CR258188","OWL",0.000810
"Brazil","CR258189","Forest",293.242950
"Brazil","CR258189","OWL",0.005490
"Brazil","CR258190","Forest",304.690000
"Brazil","CR258191","Forest",282.170880
"Brazil","CR258191","OWL",1.604430
"Brazil","CR258192","Forest",147.533310
"Brazil","CR258192","OWL",3.884310
"Brazil","CR258193","Forest",132.935850
"Brazil","CR258193","OWL",6.615360
"Brazil","CR258194","Forest",69.284840
"Brazil","CR258194","OWL",6.671340
"Brazil","CR258195","Forest",284.432220
"Brazil","CR258195","OWL",7.663570
"Brazil","CR258196","Forest",259.004520
"Brazil","CR258196","OWL",31.004100
"Brazil","CR258197","Forest",99.154305
"Brazil","CR258198","Forest",129.804297
"Brazil","CR258198","OWL",3.488580
"Brazil","CR258199","Forest",104.331366
"Brazil","CR258200","Forest",115.725749
"Brazil","CR258201","Forest",38.841791
"Brazil","CR258202","Forest",124.979490
"Brazil","CR258202","OWL",30.652830
"Brazil","CR258203","Forest",61.341750
"Brazil","CR258203","OWL",62.124030
"Brazil","CR258204","Forest",30.815820
"Brazil","CR258204","OWL",102.224160
"Brazil","CR258205","Forest",49.198230
"Brazil","CR258205","OWL",80.787060
"Brazil","CR258206","Forest",19.255230
"Brazil","CR258206","OWL",75.655440
"Brazil","CR258207","Forest",27.202680
"Brazil","CR258207","OWL",56.256840
"Brazil","CR258208","Forest",37.455030
"Brazil","CR258208","OWL",64.920870
"Brazil","CR258209","Forest",26.672850
"Brazil","CR258209","OWL",51.342210
"Brazil","CR258210","Forest",44.674920
"Brazil","CR258210","OWL",23.974429
"Brazil","CR258211","Forest",55.756980
"Brazil","CR258211","OWL",29.240910
"Brazil","CR258212","Forest",39.384720
"Brazil","CR258212","OWL",2.254572
"Brazil","CR258213","Forest",26.904960
"Brazil","CR258213","OWL",28.897045
"Brazil","CR258214","Forest",20.387970
"Brazil","CR258214","OWL",49.877280
"Brazil","CR258215","Forest",20.533365
"Brazil","CR258216","Forest",23.735807
"Brazil","CR258217","Forest",44.368110
"Brazil","CR258217","OWL",3.521382
"Brazil","CR258218","Forest",16.226193
"Brazil","CR258219","Forest",30.556890
"Brazil","CR258219","OWL",2.882970
"Brazil","CR258220","Forest",26.255970
"Brazil","CR258220","OWL",3.089700
"Brazil","CR258221","Forest",19.620664
"Brazil","CR258222","Forest",9.886775
"Brazil","CR258223","Forest",13.944600
"Brazil","CR258224","Forest",5.935396
"Brazil","CR258225","Forest",24.954902
"Brazil","CR258226","Forest",17.414243
"Brazil","CR258227","Forest",23.718186
"Brazil","CR258228","Forest",42.298177
"Brazil","CR258229","Forest",55.944600
"Brazil","CR258230","Forest",92.567852
"Brazil","CR258231","Forest",123.564595
"Brazil","CR258232","Forest",171.779264
"Brazil","CR258233","Forest",131.881689
"Brazil","CR258234","Forest",140.784290
"Brazil","CR258235","Forest",67.212366
"Brazil","CR258236","Forest",59.469561
"Brazil","CR258237","Forest",46.921050
"Brazil","CR258238","Forest",132.738504
"Brazil","CR258239","Forest",178.980498
"Brazil","CR258240","Forest",104.675762
"Brazil","CR258241","Forest",44.307360
"Brazil","CR258242","Forest",4.343934
"Brazil","CR258243","Forest",3.278070
"Brazil","CR258244","Forest",1.252260
"Brazil","CR259175","Forest",37.089720
"Brazil","CR259175","OWL",0.073800
"Brazil","CR259176","Forest",63.214470
"Brazil","CR259176","OWL",0.991980
"Brazil","CR259177","Forest",97.503840
"Brazil","CR259177","OWL",1.488960
"Brazil","CR259178","Forest",63.848070
"Brazil","CR259178","OWL",0.887130
"Brazil","CR259179","Forest",110.529270
"Brazil","CR259179","OWL",5.259780
"Brazil","CR259180","Forest",58.115520
"Brazil","CR259180","OWL",1.142910
"Brazil","CR259181","Forest",97.958610
"Brazil","CR259181","OWL",0.060570
"Brazil","CR259182","Forest",176.247630
"Brazil","CR259183","Forest",241.942817
"Brazil","CR259184","Forest",224.967150
"Brazil","CR259184","OWL",0.150210
"Brazil","CR259185","Forest",247.373100
"Brazil","CR259185","OWL",0.050580
"Brazil","CR259186","Forest",293.566770
"Brazil","CR259186","OWL",0.017010
"Brazil","CR259187","Forest",214.011000
"Brazil","CR259187","OWL",0.001620
"Brazil","CR259188","Forest",132.561810
"Brazil","CR259188","OWL",0.005940
"Brazil","CR259189","Forest",162.408420
"Brazil","CR259189","OWL",0.006030
"Brazil","CR259190","Forest",119.654010
"Brazil","CR259190","OWL",0.016470
"Brazil","CR259191","Forest",105.925050
"Brazil","CR259191","OWL",0.068400
"Brazil","CR259192","Forest",289.373940
"Brazil","CR259192","OWL",0.025830
"Brazil","CR259193","Forest",299.140000
"Brazil","CR259194","Forest",165.378780
"Brazil","CR259194","OWL",13.420710
"Brazil","CR259195","Forest",128.757150
"Brazil","CR259195","OWL",20.456100
"Brazil","CR259196","Forest",82.672959
"Brazil","CR259196","OWL",1.408320
"Brazil","CR259197","Forest",99.579150
"Brazil","CR259197","OWL",8.456400
"Brazil","CR259198","Forest",62.987835
"Brazil","CR259198","OWL",8.758710
"Brazil","CR259199","Forest",90.252273
"Brazil","CR259199","OWL",8.182260
"Brazil","CR259200","Forest",62.539101
"Brazil","CR259201","Forest",117.990228
"Brazil","CR259202","Forest",87.589980
"Brazil","CR259202","OWL",45.102870
"Brazil","CR259203","Forest",35.652510
"Brazil","CR259203","OWL",57.474090
"Brazil","CR259204","Forest",21.464460
"Brazil","CR259204","OWL",46.459710
"Brazil","CR259205","Forest",23.696820
"Brazil","CR259205","OWL",56.754540
"Brazil","CR259206","Forest",41.724090
"Brazil","CR259206","OWL",92.044260
"Brazil","CR259207","Forest",54.117270
"Brazil","CR259207","OWL",83.396970
"Brazil","CR259208","Forest",63.431190
"Brazil","CR259208","OWL",80.312382
"Brazil","CR259209","Forest",22.631927
"Brazil","CR259210","Forest",24.412478
"Brazil","CR259211","Forest",11.827659
"Brazil","CR259212","Forest",18.783153
"Brazil","CR259213","Forest",30.987839
"Brazil","CR259214","Forest",32.423310
"Brazil","CR259214","OWL",19.740055
"Brazil","CR259215","Forest",31.711950
"Brazil","CR259215","OWL",12.537720
"Brazil","CR259216","Forest",21.334829
"Brazil","CR259217","Forest",44.156250
"Brazil","CR259217","OWL",4.929570
"Brazil","CR259218","Forest",37.437210
"Brazil","CR259218","OWL",2.685330
"Brazil","CR259219","Forest",25.501950
"Brazil","CR259219","OWL",5.596470
"Brazil","CR259220","Forest",15.298290
"Brazil","CR259220","OWL",5.321710
"Brazil","CR259221","Forest",9.691661
"Brazil","CR259222","Forest",13.340206
"Brazil","CR259223","Forest",9.363935
"Brazil","CR259224","Forest",14.221215
"Brazil","CR259225","Forest",24.266158
"Brazil","CR259226","Forest",11.543018
"Brazil","CR259227","Forest",22.914243
"Brazil","CR259228","Forest",56.056800
"Brazil","CR259229","Forest",85.587875
"Brazil","CR259230","Forest",100.058396
"Brazil","CR259231","Forest",110.573550
"Brazil","CR259232","Forest",135.179491
"Brazil","CR259233","Forest",107.474465
"Brazil","CR259234","Forest",130.104628
"Brazil","CR259235","Forest",87.054930
"Brazil","CR259236","Forest",95.300010
"Brazil","CR259237","Forest",89.333100
"Brazil","CR259238","Forest",117.106110
"Brazil","CR259239","Forest",119.903130
"Brazil","CR259240","Forest",110.918852
"Brazil","CR259241","Forest",21.889710
"Brazil","CR259242","Forest",1.670580
"Brazil","CR259243","Forest",2.793870
"Brazil","CR260176","Forest",12.451500
"Brazil","CR260176","OWL",0.206730
"Brazil","CR260177","Forest",79.538760
"Brazil","CR260177","OWL",1.992690
"Brazil","CR260178","Forest",57.540600
"Brazil","CR260178","OWL",1.047600
"Brazil","CR260179","Forest",34.371720
"Brazil","CR260179","OWL",0.360720
"Brazil","CR260180","Forest",88.793100
"Brazil","CR260180","OWL",1.136250
"Brazil","CR260181","Forest",134.789850
"Brazil","CR260181","OWL",0.262350
"Brazil","CR260182","Forest",295.070000
"Brazil","CR260183","Forest",303.883470
"Brazil","CR260183","OWL",0.001080
"Brazil","CR260184","Forest",201.778380
"Brazil","CR260184","OWL",0.025110
"Brazil","CR260185","Forest",285.434730
"Brazil","CR260185","OWL",0.024930
"Brazil","CR260186","Forest",280.733617
"Brazil","CR260187","Forest",228.837240
"Brazil","CR260188","Forest",158.307300
"Brazil","CR260188","OWL",0.012330
"Brazil","CR260189","Forest",118.956303
"Brazil","CR260190","Forest",232.993890
"Brazil","CR260190","OWL",0.054540
"Brazil","CR260191","Forest",124.101630
"Brazil","CR260191","OWL",0.073710
"Brazil","CR260192","Forest",180.577710
"Brazil","CR260192","OWL",0.479610
"Brazil","CR260193","Forest",261.178110
"Brazil","CR260193","OWL",5.266980
"Brazil","CR260194","Forest",50.276610
"Brazil","CR260194","OWL",13.179150
"Brazil","CR260195","Forest",10.613507
"Brazil","CR260196","Forest",26.036417
"Brazil","CR260197","Forest",15.397207
"Brazil","CR260198","Forest",94.635360
"Brazil","CR260198","OWL",22.014110
"Brazil","CR260199","Forest",64.811028
"Brazil","CR260199","OWL",19.164330
"Brazil","CR260200","Forest",178.374265
"Brazil","CR260201","Forest",57.203190
"Brazil","CR260201","OWL",31.928220
"Brazil","CR260202","Forest",74.518110
"Brazil","CR260202","OWL",33.558030
"Brazil","CR260203","Forest",70.000200
"Brazil","CR260203","OWL",60.830370
"Brazil","CR260204","Forest",40.678110
"Brazil","CR260204","OWL",73.397700
"Brazil","CR260205","Forest",31.447620
"Brazil","CR260205","OWL",100.700100
"Brazil","CR260206","Forest",47.097180
"Brazil","CR260206","OWL",82.631340
"Brazil","CR260207","Forest",26.854874
"Brazil","CR260208","Forest",12.161888
"Brazil","CR260209","Forest",11.326366
"Brazil","CR260210","Forest",20.542968
"Brazil","CR260211","Forest",55.878390
"Brazil","CR260211","OWL",38.601293
"Brazil","CR260212","Forest",49.575875
"Brazil","CR260213","Forest",43.674210
"Brazil","CR260213","OWL",10.556100
"Brazil","CR260214","Forest",14.693829
"Brazil","CR260215","Forest",20.404016
"Brazil","CR260216","Forest",19.919137
"Brazil","CR260217","Forest",22.210200
"Brazil","CR260217","OWL",3.037590
"Brazil","CR260218","Forest",14.172030
"Brazil","CR260218","OWL",9.124470
"Brazil","CR260219","Forest",7.613550
"Brazil","CR260219","OWL",22.381740
"Brazil","CR260220","Forest",13.689810
"Brazil","CR260220","OWL",6.168780
"Brazil","CR260221","Forest",21.283248
"Brazil","CR260222","Forest",26.093195
"Brazil","CR260223","Forest",10.052197
"Brazil","CR260224","Forest",10.373116
"Brazil","CR260225","Forest",27.026090
"Brazil","CR260226","Forest",20.764530
"Brazil","CR260227","Forest",18.084515
"Brazil","CR260228","Forest",38.610717
"Brazil","CR260229","Forest",85.451904
"Brazil","CR260230","Forest",74.193030
"Brazil","CR260231","Forest",72.702528
"Brazil","CR260232","Forest",130.661640
"Brazil","CR260233","Forest",110.641230
"Brazil","CR260234","Forest",150.169167
"Brazil","CR260235","Forest",126.572884
"Brazil","CR260236","Forest",91.025460
"Brazil","CR260237","Forest",77.019840
"Brazil","CR260238","Forest",101.386440
"Brazil","CR260239","Forest",109.109373
"Brazil","CR260240","Forest",98.578413
"Brazil","CR260240","OWL",0.938160
"Brazil","CR260241","Forest",5.554080
"Brazil","CR260242","Forest",0.281430
"Brazil","CR261178","Forest",10.707120
"Brazil","CR261178","OWL",0.103410
"Brazil","CR261180","Forest",12.798180
"Brazil","CR261180","OWL",0.773460
"Brazil","CR261181","Forest",51.810570
"Brazil","CR261181","OWL",8.435070
"Brazil","CR261182","Forest",268.498620
"Brazil","CR261182","OWL",1.857960
"Brazil","CR261183","Forest",304.627770
"Brazil","CR261183","OWL",0.076050
"Brazil","CR261184","Forest",201.024090
"Brazil","CR261184","OWL",0.128070
"Brazil","CR261185","Forest",194.320980
"Brazil","CR261185","OWL",0.382320
"Brazil","CR261186","Forest",196.870360
"Brazil","CR261187","Forest",149.124717
"Brazil","CR261188","Forest",115.309530
"Brazil","CR261188","OWL",0.200700
"Brazil","CR261189","Forest",88.198830
"Brazil","CR261189","OWL",0.079200
"Brazil","CR261190","Forest",158.670090
"Brazil","CR261190","OWL",0.267480
"Brazil","CR261191","Forest",97.895116
"Brazil","CR261191","OWL",0.386550
"Brazil","CR261192","Forest",97.865969
"Brazil","CR261193","Forest",31.457483
"Brazil","CR261194","Forest",6.770142
"Brazil","CR261195","Forest",14.553350
"Brazil","CR261196","Forest",49.954860
"Brazil","CR261196","OWL",58.766670
"Brazil","CR261197","Forest",41.943233
"Brazil","CR261197","OWL",89.260470
"Brazil","CR261198","Forest",63.485190
"Brazil","CR261198","OWL",104.897790
"Brazil","CR261199","Forest",74.260890
"Brazil","CR261199","OWL",100.435860
"Brazil","CR261200","Forest",62.071110
"Brazil","CR261200","OWL",69.786180
"Brazil","CR261201","Forest",55.195830
"Brazil","CR261201","OWL",109.230120
"Brazil","CR261202","Forest",53.593020
"Brazil","CR261202","OWL",97.004340
"Brazil","CR261203","Forest",69.914880
"Brazil","CR261203","OWL",122.642730
"Brazil","CR261204","Forest",37.005390
"Brazil","CR261204","OWL",89.016894
"Brazil","CR261205","Forest",25.223940
"Brazil","CR261205","OWL",126.884880
"Brazil","CR261206","Forest",17.341290
"Brazil","CR261206","OWL",61.916987
"Brazil","CR261207","Forest",14.926946
"Brazil","CR261208","Forest",21.031645
"Brazil","CR261209","Forest",20.348149
"Brazil","CR261210","Forest",53.099640
"Brazil","CR261210","OWL",69.110640
"Brazil","CR261211","Forest",28.573234
"Brazil","CR261211","OWL",0.411840
"Brazil","CR261212","Forest",29.994215
"Brazil","CR261213","Forest",23.767652
"Brazil","CR261214","Forest",40.275419
"Brazil","CR261215","Forest",23.684632
"Brazil","CR261216","Forest",19.952977
"Brazil","CR261217","Forest",16.632946
"Brazil","CR261218","Forest",22.652730
"Brazil","CR261218","OWL",10.837270
"Brazil","CR261219","Forest",19.537650
"Brazil","CR261219","OWL",4.812289
"Brazil","CR261220","Forest",12.737160
"Brazil","CR261220","OWL",11.717910
"Brazil","CR261221","Forest",23.645970
"Brazil","CR261221","OWL",0.260968
"Brazil","CR261222","Forest",25.260861
"Brazil","CR261223","Forest",17.361629
"Brazil","CR261224","Forest",16.027615
"Brazil","CR261225","Forest",36.846055
"Brazil","CR261226","Forest",25.358040
"Brazil","CR261227","Forest",28.204287
"Brazil","CR261228","Forest",39.201082
"Brazil","CR261229","Forest",69.444900
"Brazil","CR261230","Forest",114.454007
"Brazil","CR261231","Forest",139.814333
"Brazil","CR261232","Forest",103.288908
"Brazil","CR261233","Forest",122.261130
"Brazil","CR261234","Forest",192.536919
"Brazil","CR261235","Forest",110.046240
"Brazil","CR261236","Forest",137.335377
"Brazil","CR261237","Forest",143.317980
"Brazil","CR261238","Forest",125.519670
"Brazil","CR261238","OWL",1.040490
"Brazil","CR261239","Forest",41.444010
"Brazil","CR261239","OWL",12.933450
"Brazil","CR261240","Forest",0.002790
"Brazil","CR261240","OWL",0.339480
"Brazil","CR262181","Forest",8.278380
"Brazil","CR262181","OWL",1.739700
"Brazil","CR262182","Forest",32.637240
"Brazil","CR262182","OWL",5.964120
"Brazil","CR262183","Forest",109.249200
"Brazil","CR262183","OWL",1.365120
"Brazil","CR262184","Forest",114.254100
"Brazil","CR262184","OWL",0.085320
"Brazil","CR262185","Forest",165.803940
"Brazil","CR262185","OWL",0.528480
"Brazil","CR262186","Forest",201.676500
"Brazil","CR262186","OWL",0.310590
"Brazil","CR262187","Forest",211.180500
"Brazil","CR262187","OWL",0.008370
"Brazil","CR262188","Forest",121.988880
"Brazil","CR262188","OWL",0.058140
"Brazil","CR262189","Forest",76.616550
"Brazil","CR262189","OWL",0.030420
"Brazil","CR262190","Forest",74.527200
"Brazil","CR262190","OWL",0.097380
"Brazil","CR262191","Forest",72.291893
"Brazil","CR262192","Forest",38.962915
"Brazil","CR262193","Forest",15.621767
"Brazil","CR262194","Forest",30.292606
"Brazil","CR262195","Forest",31.836856
"Brazil","CR262196","Forest",14.520661
"Brazil","CR262197","Forest",58.943250
"Brazil","CR262197","OWL",12.316037
"Brazil","CR262198","Forest",52.146180
"Brazil","CR262198","OWL",93.006270
"Brazil","CR262199","Forest",37.260180
"Brazil","CR262199","OWL",120.084570
"Brazil","CR262200","Forest",33.152130
"Brazil","CR262200","OWL",123.910830
"Brazil","CR262201","Forest",26.277930
"Brazil","CR262201","OWL",141.641451
"Brazil","CR262202","Forest",30.002310
"Brazil","CR262202","OWL",136.218076
"Brazil","CR262203","Forest",19.829520
"Brazil","CR262203","OWL",96.081720
"Brazil","CR262204","Forest",25.191180
"Brazil","CR262204","OWL",14.280947
"Brazil","CR262205","Forest",21.284190
"Brazil","CR262205","OWL",25.526423
"Brazil","CR262206","Forest",16.896420
"Brazil","CR262206","OWL",24.347533
"Brazil","CR262207","Forest",20.506050
"Brazil","CR262207","OWL",13.390503
"Brazil","CR262208","Forest",29.733660
"Brazil","CR262208","OWL",3.796248
"Brazil","CR262209","Forest",29.712420
"Brazil","CR262209","OWL",6.081584
"Brazil","CR262210","Forest",38.001432
"Brazil","CR262211","Forest",22.659901
"Brazil","CR262212","Forest",43.518330
"Brazil","CR262213","Forest",51.582960
"Brazil","CR262213","OWL",2.705400
"Brazil","CR262214","Forest",48.182220
"Brazil","CR262214","OWL",7.016601
"Brazil","CR262215","Forest",31.444634
"Brazil","CR262216","Forest",25.176888
"Brazil","CR262217","Forest",28.867109
"Brazil","CR262218","Forest",18.451959
"Brazil","CR262219","Forest",24.693166
"Brazil","CR262220","Forest",22.751280
"Brazil","CR262220","OWL",8.699490
"Brazil","CR262221","Forest",16.347510
"Brazil","CR262221","OWL",1.006688
"Brazil","CR262222","Forest",14.055611
"Brazil","CR262223","Forest",26.468365
"Brazil","CR262224","Forest",23.028471
"Brazil","CR262225","Forest",40.774500
"Brazil","CR262225","OWL",2.777556
"Brazil","CR262226","Forest",4.749366
"Brazil","CR262227","Forest",35.970250
"Brazil","CR262227","OWL",3.873690
"Brazil","CR262228","Forest",42.004800
"Brazil","CR262228","OWL",2.586510
"Brazil","CR262229","Forest",39.757488
"Brazil","CR262229","OWL",0.000540
"Brazil","CR262230","Forest",169.516980
"Brazil","CR262231","Forest",148.966703
"Brazil","CR262232","Forest",131.302381
"Brazil","CR262233","Forest",197.019191
"Brazil","CR262234","Forest",197.752871
"Brazil","CR262235","Forest",218.724598
"Brazil","CR262236","Forest",181.677913
"Brazil","CR262237","Forest",153.172416
"Brazil","CR262237","OWL",0.009840
"Brazil","CR262238","Forest",45.183150
"Brazil","CR262238","OWL",6.189840
"Brazil","CR263181","Forest",3.455550
"Brazil","CR263181","OWL",0.332820
"Brazil","CR263182","Forest",32.767740
"Brazil","CR263182","OWL",2.276640
"Brazil","CR263183","Forest",68.275720
"Brazil","CR263183","OWL",0.603990
"Brazil","CR263184","Forest",170.466300
"Brazil","CR263184","OWL",0.355050
"Brazil","CR263185","Forest",182.094210
"Brazil","CR263185","OWL",0.097470
"Brazil","CR263186","Forest",166.840560
"Brazil","CR263186","OWL",0.023130
"Brazil","CR263187","Forest",196.878330
"Brazil","CR263187","OWL",0.199890
"Brazil","CR263188","Forest",248.328720
"Brazil","CR263188","OWL",0.039600
"Brazil","CR263189","Forest",170.866980
"Brazil","CR263189","OWL",0.022590
"Brazil","CR263190","Forest",93.184932
"Brazil","CR263191","Forest",95.954040
"Brazil","CR263191","OWL",0.250830
"Brazil","CR263192","Forest",71.471554
"Brazil","CR263193","Forest",32.973390
"Brazil","CR263193","OWL",2.112480
"Brazil","CR263194","Forest",33.770739
"Brazil","CR263195","Forest",21.029305
"Brazil","CR263196","Forest",5.905457
"Brazil","CR263197","Forest",8.752063
"Brazil","CR263198","Forest",32.050651
"Brazil","CR263198","OWL",1.404392
"Brazil","CR263199","Forest",43.226100
"Brazil","CR263199","OWL",47.059958
"Brazil","CR263200","Forest",29.706030
"Brazil","CR263200","OWL",25.524033
"Brazil","CR263201","Forest",39.086100
"Brazil","CR263201","OWL",42.887484
"Brazil","CR263202","Forest",48.665970
"Brazil","CR263202","OWL",33.659852
"Brazil","CR263203","Forest",34.031880
"Brazil","CR263203","OWL",68.452019
"Brazil","CR263204","Forest",36.115290
"Brazil","CR263204","OWL",77.103605
"Brazil","CR263205","Forest",28.661400
"Brazil","CR263205","OWL",55.891350
"Brazil","CR263206","Forest",43.906230
"Brazil","CR263206","OWL",127.067095
"Brazil","CR263207","Forest",42.586364
"Brazil","CR263207","OWL",4.335930
"Brazil","CR263208","Forest",69.685055
"Brazil","CR263208","OWL",3.019230
"Brazil","CR263209","Forest",40.782719
"Brazil","CR263210","Forest",36.888273
"Brazil","CR263211","Forest",32.234410
"Brazil","CR263212","Forest",50.020740
"Brazil","CR263212","OWL",13.613917
"Brazil","CR263213","Forest",45.373230
"Brazil","CR263213","OWL",16.926680
"Brazil","CR263214","Forest",35.095390
"Brazil","CR263215","Forest",26.482649
"Brazil","CR263216","Forest",40.714560
"Brazil","CR263216","OWL",16.525307
"Brazil","CR263217","Forest",38.707969
"Brazil","CR263218","Forest",25.963470
"Brazil","CR263218","OWL",14.992650
"Brazil","CR263219","Forest",18.185224
"Brazil","CR263220","Forest",21.592198
"Brazil","CR263221","Forest",21.382110
"Brazil","CR263221","OWL",4.489739
"Brazil","CR263222","Forest",29.761560
"Brazil","CR263223","Forest",27.860179
"Brazil","CR263224","Forest",32.212350
"Brazil","CR263224","OWL",1.577160
"Brazil","CR263225","Forest",16.623180
"Brazil","CR263225","OWL",10.394460
"Brazil","CR263226","Forest",3.210000
"Brazil","CR263227","Forest",33.492420
"Brazil","CR263227","OWL",11.089170
"Brazil","CR263228","Forest",51.114420
"Brazil","CR263228","OWL",2.592720
"Brazil","CR263229","Forest",150.663910
"Brazil","CR263229","OWL",0.066330
"Brazil","CR263230","Forest",216.858926
"Brazil","CR263231","Forest",228.347730
"Brazil","CR263231","OWL",9.954529
"Brazil","CR263232","Forest",166.484162
"Brazil","CR263232","OWL",43.306248
"Brazil","CR263233","Forest",70.697123
"Brazil","CR263233","OWL",41.822640
"Brazil","CR263234","Forest",73.593540
"Brazil","CR263234","OWL",7.879950
"Brazil","CR263235","Forest",138.585662
"Brazil","CR263235","OWL",1.690830
"Brazil","CR263236","Forest",148.817819
"Brazil","CR263236","OWL",2.012130
"Brazil","CR263237","Forest",69.046290
"Brazil","CR263237","OWL",2.425770
"Brazil","CR263238","Forest",0.262350
"Brazil","CR263238","OWL",0.296100
"Brazil","CR264181","Forest",1.282770
"Brazil","CR264181","OWL",0.065700
"Brazil","CR264182","Forest",49.443245
"Brazil","CR264183","Forest",109.264050
"Brazil","CR264184","Forest",174.627540
"Brazil","CR264184","OWL",0.000990
"Brazil","CR264185","Forest",166.257900
"Brazil","CR264186","Forest",193.113810
"Brazil","CR264186","OWL",0.001260
"Brazil","CR264187","Forest",256.742280
"Brazil","CR264188","Forest",261.697050
"Brazil","CR264188","OWL",0.006480
"Brazil","CR264189","Forest",189.748334
"Brazil","CR264190","Forest",67.661606
"Brazil","CR264191","Forest",61.971884
"Brazil","CR264192","Forest",76.616640
"Brazil","CR264192","OWL",30.839451
"Brazil","CR264193","Forest",80.762003
"Brazil","CR264194","Forest",26.501760
"Brazil","CR264195","Forest",55.699920
"Brazil","CR264195","OWL",50.890046
"Brazil","CR264196","Forest",34.236540
"Brazil","CR264196","OWL",89.109569
"Brazil","CR264197","Forest",33.684480
"Brazil","CR264197","OWL",162.368472
"Brazil","CR264198","Forest",66.614490
"Brazil","CR264198","OWL",138.704670
"Brazil","CR264199","Forest",31.428360
"Brazil","CR264199","OWL",97.355266
"Brazil","CR264200","Forest",45.478800
"Brazil","CR264200","OWL",168.187512
"Brazil","CR264201","Forest",48.694410
"Brazil","CR264201","OWL",132.918464
"Brazil","CR264202","Forest",42.519780
"Brazil","CR264202","OWL",46.387319
"Brazil","CR264203","Forest",38.028330
"Brazil","CR264203","OWL",78.112598
"Brazil","CR264204","Forest",34.093710
"Brazil","CR264204","OWL",95.835172
"Brazil","CR264205","Forest",22.284900
"Brazil","CR264205","OWL",173.019610
"Brazil","CR264206","Forest",41.532930
"Brazil","CR264206","OWL",184.857971
"Brazil","CR264207","Forest",59.378760
"Brazil","CR264207","OWL",141.573456
"Brazil","CR264208","Forest",66.995280
"Brazil","CR264208","OWL",126.813612
"Brazil","CR264209","Forest",41.636970
"Brazil","CR264209","OWL",44.792088
"Brazil","CR264210","Forest",69.982020
"Brazil","CR264210","OWL",141.144390
"Brazil","CR264211","Forest",45.698940
"Brazil","CR264211","OWL",7.027958
"Brazil","CR264212","Forest",27.900000
"Brazil","CR264212","OWL",53.266860
"Brazil","CR264213","Forest",34.511580
"Brazil","CR264213","OWL",35.313286
"Brazil","CR264214","Forest",39.046230
"Brazil","CR264214","OWL",7.137676
"Brazil","CR264215","Forest",33.948312
"Brazil","CR264216","Forest",47.087820
"Brazil","CR264216","OWL",48.732840
"Brazil","CR264217","Forest",46.915010
"Brazil","CR264217","OWL",20.448720
"Brazil","CR264218","Forest",37.392367
"Brazil","CR264219","Forest",32.488560
"Brazil","CR264219","OWL",15.810660
"Brazil","CR264220","Forest",26.652157
"Brazil","CR264221","Forest",7.946632
"Brazil","CR264222","Forest",11.769907
"Brazil","CR264222","OWL",0.006732
"Brazil","CR264223","Forest",13.351797
"Brazil","CR264224","Forest",19.370530
"Brazil","CR264225","Forest",34.099470
"Brazil","CR264225","OWL",11.461140
"Brazil","CR264226","Forest",36.198540
"Brazil","CR264226","OWL",7.814160
"Brazil","CR264227","Forest",46.557909
"Brazil","CR264227","OWL",1.550735
"Brazil","CR264228","Forest",52.317488
"Brazil","CR264229","Forest",204.306596
"Brazil","CR264230","Forest",226.581930
"Brazil","CR264230","OWL",0.585167
"Brazil","CR264231","Forest",133.935030
"Brazil","CR264231","OWL",39.362805
"Brazil","CR264232","Forest",0.219780
"Brazil","CR264232","OWL",5.349537
"Brazil","CR264235","Forest",2.522880
"Brazil","CR264235","OWL",0.922839
"Brazil","CR264236","Forest",3.839940
"Brazil","CR264236","OWL",0.528480
"Brazil","CR265182","Forest",124.942680
"Brazil","CR265182","OWL",0.019980
"Brazil","CR265183","Forest",99.433800
"Brazil","CR265183","OWL",0.001980
"Brazil","CR265184","Forest",126.757260
"Brazil","CR265184","OWL",0.013140
"Brazil","CR265185","Forest",115.775370
"Brazil","CR265185","OWL",0.003240
"Brazil","CR265186","Forest",171.567720
"Brazil","CR265186","OWL",0.001350
"Brazil","CR265187","Forest",193.084920
"Brazil","CR265187","OWL",0.004680
"Brazil","CR265188","Forest",162.582240
"Brazil","CR265188","OWL",0.073350
"Brazil","CR265189","Forest",96.818321
"Brazil","CR265190","Forest",28.181061
"Brazil","CR265191","Forest",71.558926
"Brazil","CR265192","Forest",88.619040
"Brazil","CR265192","OWL",2.281398
"Brazil","CR265193","Forest",77.779980
"Brazil","CR265193","OWL",106.528810
"Brazil","CR265194","Forest",48.813300
"Brazil","CR265194","OWL",182.135790
"Brazil","CR265195","Forest",42.011370
"Brazil","CR265195","OWL",154.596420
"Brazil","CR265196","Forest",37.642770
"Brazil","CR265196","OWL",147.710610
"Brazil","CR265197","Forest",41.513850
"Brazil","CR265197","OWL",163.136070
"Brazil","CR265198","Forest",37.830870
"Brazil","CR265198","OWL",193.043970
"Brazil","CR265199","Forest",43.746390
"Brazil","CR265199","OWL",190.708523
"Brazil","CR265200","Forest",47.054970
"Brazil","CR265200","OWL",183.379950
"Brazil","CR265201","Forest",41.454630
"Brazil","CR265201","OWL",186.190200
"Brazil","CR265202","Forest",79.669260
"Brazil","CR265202","OWL",178.149911
"Brazil","CR265203","Forest",49.153140
"Brazil","CR265203","OWL",188.504820
"Brazil","CR265204","Forest",25.401690
"Brazil","CR265204","OWL",195.979199
"Brazil","CR265205","Forest",15.393510
"Brazil","CR265205","OWL",222.356035
"Brazil","CR265206","Forest",8.092260
"Brazil","CR265206","OWL",189.351576
"Brazil","CR265207","Forest",41.000220
"Brazil","CR265207","OWL",192.042540
"Brazil","CR265208","Forest",46.726200
"Brazil","CR265208","OWL",165.190050
"Brazil","CR265209","Forest",42.733260
"Brazil","CR265209","OWL",140.630220
"Brazil","CR265210","Forest",27.274140
"Brazil","CR265210","OWL",37.579281
"Brazil","CR265211","Forest",67.152870
"Brazil","CR265211","OWL",89.636351
"Brazil","CR265212","Forest",25.584120
"Brazil","CR265212","OWL",67.426020
"Brazil","CR265213","Forest",29.487060
"Brazil","CR265213","OWL",45.519750
"Brazil","CR265214","Forest",25.145280
"Brazil","CR265214","OWL",29.320909
"Brazil","CR265215","Forest",24.836490
"Brazil","CR265215","OWL",3.342571
"Brazil","CR265216","Forest",31.750110
"Brazil","CR265216","OWL",26.482760
"Brazil","CR265217","Forest",32.401620
"Brazil","CR265217","OWL",21.419280
"Brazil","CR265218","Forest",1.997191
"Brazil","CR265219","Forest",5.295071
"Brazil","CR265220","Forest",32.608800
"Brazil","CR265220","OWL",1.620865
"Brazil","CR265221","Forest",21.181197
"Brazil","CR265222","Forest",16.322148
"Brazil","CR265223","Forest",19.486105
"Brazil","CR265224","Forest",27.627725
"Brazil","CR265225","Forest",44.251020
"Brazil","CR265225","OWL",14.343480
"Brazil","CR265226","Forest",25.386506
"Brazil","CR265227","Forest",18.960678
"Brazil","CR265228","Forest",55.491200
"Brazil","CR265229","Forest",220.907590
"Brazil","CR265229","OWL",8.534327
"Brazil","CR265230","Forest",75.444840
"Brazil","CR265230","OWL",78.175080
"Brazil","CR265231","Forest",7.314064
"Brazil","CR265231","OWL",3.342960
"Brazil","CR266182","Forest",104.763060
"Brazil","CR266182","OWL",0.002970
"Brazil","CR266183","Forest",102.613114
"Brazil","CR266184","Forest",99.500220
"Brazil","CR266185","Forest",111.928860
"Brazil","CR266185","OWL",0.009270
"Brazil","CR266186","Forest",161.271810
"Brazil","CR266186","OWL",0.031230
"Brazil","CR266187","Forest",147.701833
"Brazil","CR266188","Forest",161.037990
"Brazil","CR266188","OWL",0.001890
"Brazil","CR266189","Forest",91.403017
"Brazil","CR266190","Forest",26.496968
"Brazil","CR266191","Forest",40.253417
"Brazil","CR266192","Forest",86.936220
"Brazil","CR266192","OWL",17.326148
"Brazil","CR266193","Forest",73.136520
"Brazil","CR266193","OWL",45.089228
"Brazil","CR266194","Forest",55.386900
"Brazil","CR266194","OWL",101.664742
"Brazil","CR266195","Forest",38.231820
"Brazil","CR266195","OWL",139.221540
"Brazil","CR266196","Forest",49.660470
"Brazil","CR266196","OWL",196.888410
"Brazil","CR266197","Forest",55.541970
"Brazil","CR266197","OWL",161.809560
"Brazil","CR266198","Forest",55.912680
"Brazil","CR266198","OWL",178.979490
"Brazil","CR266199","Forest",20.252700
"Brazil","CR266199","OWL",164.051370
"Brazil","CR266200","Forest",14.704650
"Brazil","CR266200","OWL",114.607260
"Brazil","CR266201","Forest",15.068160
"Brazil","CR266201","OWL",105.810750
"Brazil","CR266202","Forest",14.642550
"Brazil","CR266202","OWL",97.794540
"Brazil","CR266203","Forest",32.570820
"Brazil","CR266203","OWL",171.605250
"Brazil","CR266204","Forest",18.894960
"Brazil","CR266204","OWL",143.656959
"Brazil","CR266205","Forest",3.509190
"Brazil","CR266205","OWL",101.947331
"Brazil","CR266206","Forest",13.291920
"Brazil","CR266206","OWL",147.595079
"Brazil","CR266207","Forest",29.365290
"Brazil","CR266207","OWL",185.532306
"Brazil","CR266208","Forest",28.237320
"Brazil","CR266208","OWL",175.576950
"Brazil","CR266209","Forest",27.909810
"Brazil","CR266209","OWL",103.120916
"Brazil","CR266210","Forest",25.906547
"Brazil","CR266210","OWL",3.094230
"Brazil","CR266211","Forest",35.782920
"Brazil","CR266211","OWL",8.240877
"Brazil","CR266212","Forest",24.550110
"Brazil","CR266212","OWL",55.307790
"Brazil","CR266213","Forest",27.786510
"Brazil","CR266213","OWL",19.305075
"Brazil","CR266214","Forest",12.220290
"Brazil","CR266214","OWL",21.076088
"Brazil","CR266215","Forest",21.769200
"Brazil","CR266215","OWL",42.817590
"Brazil","CR266216","Forest",19.279800
"Brazil","CR266216","OWL",40.885740
"Brazil","CR266217","Forest",27.161100
"Brazil","CR266217","OWL",33.508601
"Brazil","CR266218","Forest",42.144840
"Brazil","CR266218","OWL",14.009490
"Brazil","CR266219","Forest",37.403460
"Brazil","CR266219","OWL",14.933199
"Brazil","CR266220","Forest",29.751030
"Brazil","CR266220","OWL",23.202810
"Brazil","CR266221","Forest",37.032750
"Brazil","CR266221","OWL",20.254637
"Brazil","CR266222","Forest",33.423165
"Brazil","CR266223","Forest",26.415392
"Brazil","CR266224","Forest",22.036151
"Brazil","CR266225","Forest",22.200272
"Brazil","CR266226","Forest",19.045686
"Brazil","CR266227","Forest",51.654163
"Brazil","CR266228","Forest",154.342136
"Brazil","CR266229","Forest",219.794245
"Brazil","CR266229","OWL",29.876515
"Brazil","CR266230","Forest",5.819940
"Brazil","CR266230","OWL",29.784620
"Brazil","CR267182","Forest",24.408900
"Brazil","CR267183","Forest",126.705535
"Brazil","CR267184","Forest",123.133410
"Brazil","CR267185","Forest",196.181730
"Brazil","CR267185","OWL",0.002700
"Brazil","CR267186","Forest",231.551370
"Brazil","CR267186","OWL",0.006840
"Brazil","CR267187","Forest",175.586079
"Brazil","CR267188","Forest",255.425783
"Brazil","CR267189","Forest",67.984483
"Brazil","CR267190","Forest",124.005690
"Brazil","CR267190","OWL",0.006120
"Brazil","CR267191","Forest",150.690044
"Brazil","CR267191","OWL",0.068310
"Brazil","CR267192","Forest",109.573110
"Brazil","CR267192","OWL",34.135677
"Brazil","CR267193","Forest",48.276540
"Brazil","CR267193","OWL",184.538610
"Brazil","CR267194","Forest",33.899760
"Brazil","CR267194","OWL",158.676739
"Brazil","CR267195","Forest",30.328650
"Brazil","CR267195","OWL",149.005170
"Brazil","CR267196","Forest",24.358860
"Brazil","CR267196","OWL",179.903880
"Brazil","CR267197","Forest",41.213340
"Brazil","CR267197","OWL",132.391090
"Brazil","CR267198","Forest",29.286360
"Brazil","CR267198","OWL",113.319000
"Brazil","CR267199","Forest",31.200750
"Brazil","CR267199","OWL",110.408220
"Brazil","CR267200","Forest",17.849970
"Brazil","CR267200","OWL",66.423870
"Brazil","CR267201","Forest",6.497820
"Brazil","CR267201","OWL",37.501920
"Brazil","CR267202","Forest",4.539870
"Brazil","CR267202","OWL",45.496170
"Brazil","CR267203","Forest",14.581440
"Brazil","CR267203","OWL",41.587740
"Brazil","CR267204","Forest",44.412210
"Brazil","CR267204","OWL",131.372730
"Brazil","CR267205","Forest",12.046770
"Brazil","CR267205","OWL",174.603256
"Brazil","CR267206","Forest",15.145740
"Brazil","CR267206","OWL",97.034974
"Brazil","CR267207","Forest",14.468310
"Brazil","CR267207","OWL",31.267487
"Brazil","CR267208","Forest",9.335340
"Brazil","CR267208","OWL",8.248283
"Brazil","CR267209","Forest",3.492900
"Brazil","CR267209","OWL",17.942560
"Brazil","CR267210","Forest",10.719450
"Brazil","CR267210","OWL",3.735509
"Brazil","CR267211","Forest",15.058080
"Brazil","CR267211","OWL",46.975035
"Brazil","CR267212","Forest",15.087960
"Brazil","CR267212","OWL",7.216895
"Brazil","CR267213","Forest",21.813120
"Brazil","CR267213","OWL",25.575275
"Brazil","CR267214","Forest",35.285850
"Brazil","CR267214","OWL",9.359678
"Brazil","CR267215","Forest",39.046680
"Brazil","CR267215","OWL",10.997146
"Brazil","CR267216","Forest",35.831430
"Brazil","CR267216","OWL",64.236232
"Brazil","CR267217","Forest",31.974120
"Brazil","CR267217","OWL",50.928035
"Brazil","CR267218","Forest",38.364750
"Brazil","CR267218","OWL",17.652960
"Brazil","CR267219","Forest",37.267830
"Brazil","CR267219","OWL",26.227530
"Brazil","CR267220","Forest",44.626410
"Brazil","CR267220","OWL",22.858380
"Brazil","CR267221","Forest",24.888690
"Brazil","CR267221","OWL",43.242307
"Brazil","CR267222","Forest",20.936221
"Brazil","CR267223","Forest",40.890673
"Brazil","CR267224","Forest",39.490175
"Brazil","CR267225","Forest",43.654674
"Brazil","CR267226","Forest",44.293429
"Brazil","CR267227","Forest",103.793741
"Brazil","CR267228","Forest",122.712255
"Brazil","CR267229","Forest",51.104340
"Brazil","CR267229","OWL",35.161020
"Brazil","CR268182","Forest",0.293940
"Brazil","CR268183","Forest",150.049437
"Brazil","CR268184","Forest",130.420197
"Brazil","CR268185","Forest",91.669048
"Brazil","CR268185","OWL",0.076770
"Brazil","CR268186","Forest",286.540000
"Brazil","CR268187","Forest",186.438420
"Brazil","CR268187","OWL",0.022590
"Brazil","CR268188","Forest",198.842477
"Brazil","CR268189","Forest",40.299133
"Brazil","CR268190","Forest",162.107039
"Brazil","CR268191","Forest",191.005325
"Brazil","CR268192","Forest",59.081850
"Brazil","CR268192","OWL",82.505335
"Brazil","CR268193","Forest",39.070350
"Brazil","CR268193","OWL",180.505873
"Brazil","CR268194","Forest",18.851940
"Brazil","CR268194","OWL",133.342538
"Brazil","CR268195","Forest",26.507970
"Brazil","CR268195","OWL",154.322190
"Brazil","CR268196","Forest",41.017140
"Brazil","CR268196","OWL",149.265760
"Brazil","CR268197","Forest",46.580940
"Brazil","CR268197","OWL",129.051294
"Brazil","CR268198","Forest",25.466580
"Brazil","CR268198","OWL",118.031488
"Brazil","CR268199","Forest",31.066830
"Brazil","CR268199","OWL",164.969460
"Brazil","CR268200","Forest",13.333860
"Brazil","CR268200","OWL",122.851710
"Brazil","CR268201","Forest",9.911520
"Brazil","CR268201","OWL",46.549620
"Brazil","CR268202","Forest",6.261210
"Brazil","CR268202","OWL",61.112700
"Brazil","CR268203","Forest",6.024420
"Brazil","CR268203","OWL",67.955940
"Brazil","CR268204","Forest",8.152740
"Brazil","CR268204","OWL",47.574450
"Brazil","CR268205","Forest",9.574020
"Brazil","CR268205","OWL",37.951893
"Brazil","CR268206","Forest",6.468750
"Brazil","CR268206","OWL",74.764440
"Brazil","CR268207","Forest",6.048720
"Brazil","CR268207","OWL",13.220778
"Brazil","CR268208","Forest",7.663860
"Brazil","CR268208","OWL",95.380740
"Brazil","CR268209","Forest",7.155540
"Brazil","CR268209","OWL",94.055850
"Brazil","CR268210","Forest",8.319780
"Brazil","CR268210","OWL",89.120880
"Brazil","CR268211","Forest",13.040460
"Brazil","CR268211","OWL",108.597510
"Brazil","CR268212","Forest",22.964220
"Brazil","CR268212","OWL",68.970474
"Brazil","CR268213","Forest",26.131230
"Brazil","CR268213","OWL",91.305180
"Brazil","CR268214","Forest",20.298600
"Brazil","CR268214","OWL",73.130580
"Brazil","CR268215","Forest",25.009920
"Brazil","CR268215","OWL",78.701670
"Brazil","CR268216","Forest",25.613280
"Brazil","CR268216","OWL",70.983630
"Brazil","CR268217","Forest",24.513390
"Brazil","CR268217","OWL",85.291290
"Brazil","CR268218","Forest",21.416400
"Brazil","CR268218","OWL",19.392300
"Brazil","CR268219","Forest",29.025720
"Brazil","CR268219","OWL",23.548590
"Brazil","CR268220","Forest",55.594980
"Brazil","CR268220","OWL",28.866780
"Brazil","CR268221","Forest",28.822860
"Brazil","CR268221","OWL",13.402445
"Brazil","CR268222","Forest",39.664208
"Brazil","CR268222","OWL",21.208050
"Brazil","CR268223","Forest",22.314179
"Brazil","CR268224","Forest",32.627807
"Brazil","CR268225","Forest",35.907420
"Brazil","CR268226","Forest",72.006819
"Brazil","CR268227","Forest",101.122268
"Brazil","CR268228","Forest",127.535040
"Brazil","CR268228","OWL",12.730184
"Brazil","CR269183","Forest",74.152800
"Brazil","CR269183","OWL",0.476100
"Brazil","CR269184","Forest",159.836584
"Brazil","CR269185","Forest",46.775346
"Brazil","CR269186","Forest",64.302194
"Brazil","CR269187","Forest",57.032910
"Brazil","CR269188","Forest",33.764157
"Brazil","CR269189","Forest",40.623394
"Brazil","CR269190","Forest",148.765453
"Brazil","CR269191","Forest",177.273630
"Brazil","CR269191","OWL",5.492520
"Brazil","CR269192","Forest",215.092080
"Brazil","CR269192","OWL",29.934462
"Brazil","CR269193","Forest",42.550830
"Brazil","CR269193","OWL",128.632770
"Brazil","CR269194","Forest",20.941200
"Brazil","CR269194","OWL",165.411360
"Brazil","CR269195","Forest",12.255570
"Brazil","CR269195","OWL",192.361500
"Brazil","CR269196","Forest",33.650280
"Brazil","CR269196","OWL",115.667368
"Brazil","CR269197","Forest",43.040700
"Brazil","CR269197","OWL",98.692147
"Brazil","CR269198","Forest",24.197670
"Brazil","CR269198","OWL",200.468790
"Brazil","CR269199","Forest",19.819710
"Brazil","CR269199","OWL",187.778790
"Brazil","CR269200","Forest",5.723550
"Brazil","CR269200","OWL",111.768570
"Brazil","CR269201","Forest",11.208780
"Brazil","CR269201","OWL",115.459200
"Brazil","CR269202","Forest",7.388370
"Brazil","CR269202","OWL",136.813950
"Brazil","CR269203","Forest",17.122230
"Brazil","CR269203","OWL",130.851360
"Brazil","CR269204","Forest",3.971070
"Brazil","CR269204","OWL",47.654640
"Brazil","CR269205","Forest",8.373420
"Brazil","CR269205","OWL",75.220702
"Brazil","CR269206","Forest",3.211368
"Brazil","CR269207","Forest",18.649800
"Brazil","CR269207","OWL",54.916335
"Brazil","CR269208","Forest",5.164920
"Brazil","CR269208","OWL",108.819360
"Brazil","CR269209","Forest",5.384250
"Brazil","CR269209","OWL",89.898300
"Brazil","CR269210","Forest",6.082200
"Brazil","CR269210","OWL",55.124280
"Brazil","CR269211","Forest",14.289840
"Brazil","CR269211","OWL",145.881000
"Brazil","CR269212","Forest",6.713280
"Brazil","CR269212","OWL",140.879970
"Brazil","CR269213","Forest",8.344800
"Brazil","CR269213","OWL",120.799272
"Brazil","CR269214","Forest",8.630550
"Brazil","CR269214","OWL",142.815240
"Brazil","CR269215","Forest",11.799270
"Brazil","CR269215","OWL",114.316650
"Brazil","CR269216","Forest",6.332400
"Brazil","CR269216","OWL",83.938050
"Brazil","CR269217","Forest",24.462270
"Brazil","CR269217","OWL",50.900940
"Brazil","CR269218","Forest",30.115080
"Brazil","CR269218","OWL",51.922440
"Brazil","CR269219","Forest",34.059964
"Brazil","CR269220","Forest",23.414487
"Brazil","CR269221","Forest",27.209058
"Brazil","CR269222","Forest",28.213378
"Brazil","CR269222","OWL",1.963710
"Brazil","CR269223","Forest",28.720642
"Brazil","CR269224","Forest",27.326488
"Brazil","CR269225","Forest",33.969677
"Brazil","CR269226","Forest",115.186921
"Brazil","CR269227","Forest",54.100474
"Brazil","CR269228","Forest",98.205720
"Brazil","CR269228","OWL",4.507001
"Brazil","CR270183","Forest",5.267070
"Brazil","CR270183","OWL",0.158400
"Brazil","CR270184","Forest",214.613370
"Brazil","CR270184","OWL",4.122360
"Brazil","CR270185","Forest",166.465530
"Brazil","CR270185","OWL",1.783350
"Brazil","CR270186","Forest",173.779740
"Brazil","CR270186","OWL",0.141120
"Brazil","CR270187","Forest",114.357150
"Brazil","CR270187","OWL",0.548190
"Brazil","CR270188","Forest",83.525760
"Brazil","CR270188","OWL",0.760770
"Brazil","CR270189","Forest",32.222649
"Brazil","CR270190","Forest",133.645770
"Brazil","CR270190","OWL",0.430470
"Brazil","CR270191","Forest",162.296190
"Brazil","CR270191","OWL",1.963440
"Brazil","CR270192","Forest",188.470710
"Brazil","CR270192","OWL",64.490670
"Brazil","CR270193","Forest",24.762690
"Brazil","CR270193","OWL",143.370810
"Brazil","CR270194","Forest",9.896670
"Brazil","CR270194","OWL",199.130040
"Brazil","CR270195","Forest",3.135240
"Brazil","CR270195","OWL",197.508150
"Brazil","CR270196","Forest",12.753000
"Brazil","CR270196","OWL",206.980650
"Brazil","CR270197","Forest",7.595010
"Brazil","CR270197","OWL",129.226050
"Brazil","CR270198","Forest",6.783660
"Brazil","CR270198","OWL",226.591470
"Brazil","CR270199","Forest",9.234990
"Brazil","CR270199","OWL",149.369850
"Brazil","CR270200","Forest",8.427240
"Brazil","CR270200","OWL",168.258330
"Brazil","CR270201","Forest",11.066760
"Brazil","CR270201","OWL",184.136310
"Brazil","CR270202","Forest",13.630140
"Brazil","CR270202","OWL",222.944670
"Brazil","CR270203","Forest",10.151910
"Brazil","CR270203","OWL",229.793760
"Brazil","CR270204","Forest",19.183950
"Brazil","CR270204","OWL",190.832682
"Brazil","CR270205","Forest",8.489160
"Brazil","CR270205","OWL",36.819699
"Brazil","CR270206","Forest",6.364260
"Brazil","CR270206","OWL",222.528150
"Brazil","CR270207","Forest",31.731930
"Brazil","CR270207","OWL",183.959640
"Brazil","CR270208","Forest",5.764140
"Brazil","CR270208","OWL",166.020030
"Brazil","CR270209","Forest",3.018150
"Brazil","CR270209","OWL",168.943050
"Brazil","CR270210","Forest",4.865850
"Brazil","CR270210","OWL",136.613250
"Brazil","CR270211","Forest",12.137760
"Brazil","CR270211","OWL",177.294780
"Brazil","CR270212","Forest",3.593610
"Brazil","CR270212","OWL",163.971180
"Brazil","CR270213","Forest",9.099900
"Brazil","CR270213","OWL",155.256660
"Brazil","CR270214","Forest",10.244070
"Brazil","CR270214","OWL",135.836280
"Brazil","CR270215","Forest",7.031790
"Brazil","CR270215","OWL",108.610762
"Brazil","CR270216","Forest",13.736610
"Brazil","CR270216","OWL",93.290400
"Brazil","CR270217","Forest",15.867270
"Brazil","CR270217","OWL",77.668830
"Brazil","CR270218","Forest",25.426530
"Brazil","CR270218","OWL",4.255975
"Brazil","CR270219","Forest",24.970860
"Brazil","CR270219","OWL",4.750906
"Brazil","CR270220","Forest",22.453552
"Brazil","CR270221","Forest",49.591557
"Brazil","CR270222","Forest",36.277061
"Brazil","CR270223","Forest",27.379951
"Brazil","CR270224","Forest",34.477890
"Brazil","CR270225","Forest",65.056268
"Brazil","CR270226","Forest",79.732585
"Brazil","CR270227","Forest",116.061454
"Brazil","CR270227","OWL",0.169093
"Brazil","CR270228","Forest",47.764502
"Brazil","CR271183","Forest",3.589200
"Brazil","CR271183","OWL",0.701550
"Brazil","CR271184","Forest",137.402010
"Brazil","CR271184","OWL",0.427990
"Brazil","CR271185","Forest",210.796560
"Brazil","CR271185","OWL",7.529670
"Brazil","CR271186","Forest",97.599510
"Brazil","CR271186","OWL",9.556830
"Brazil","CR271187","Forest",56.893230
"Brazil","CR271187","OWL",25.531110
"Brazil","CR271188","Forest",99.749520
"Brazil","CR271188","OWL",4.438620
"Brazil","CR271189","Forest",78.600960
"Brazil","CR271189","OWL",0.252810
"Brazil","CR271190","Forest",131.075366
"Brazil","CR271190","OWL",0.001620
"Brazil","CR271191","Forest",123.196950
"Brazil","CR271191","OWL",2.127330
"Brazil","CR271192","Forest",47.432070
"Brazil","CR271192","OWL",154.944810
"Brazil","CR271193","Forest",17.690940
"Brazil","CR271193","OWL",255.997890
"Brazil","CR271194","Forest",10.303110
"Brazil","CR271194","OWL",229.197510
"Brazil","CR271195","Forest",4.264110
"Brazil","CR271195","OWL",243.173610
"Brazil","CR271196","Forest",8.193780
"Brazil","CR271196","OWL",232.573868
"Brazil","CR271197","Forest",6.707790
"Brazil","CR271197","OWL",177.982919
"Brazil","CR271198","Forest",7.032780
"Brazil","CR271198","OWL",221.252490
"Brazil","CR271199","Forest",6.498540
"Brazil","CR271199","OWL",178.914330
"Brazil","CR271200","Forest",4.010400
"Brazil","CR271200","OWL",238.877455
"Brazil","CR271201","Forest",4.660650
"Brazil","CR271201","OWL",223.699680
"Brazil","CR271202","Forest",18.162990
"Brazil","CR271202","OWL",244.848780
"Brazil","CR271203","Forest",2.214450
"Brazil","CR271203","OWL",252.790200
"Brazil","CR271204","Forest",2.366910
"Brazil","CR271204","OWL",187.439796
"Brazil","CR271205","Forest",7.984530
"Brazil","CR271205","OWL",193.737193
"Brazil","CR271206","Forest",2.789550
"Brazil","CR271206","OWL",87.348681
"Brazil","CR271207","Forest",3.431790
"Brazil","CR271207","OWL",155.830410
"Brazil","CR271208","Forest",1.274850
"Brazil","CR271208","OWL",83.993130
"Brazil","CR271209","Forest",2.679120
"Brazil","CR271209","OWL",127.004580
"Brazil","CR271210","Forest",8.108730
"Brazil","CR271210","OWL",261.430830
"Brazil","CR271211","Forest",4.373100
"Brazil","CR271211","OWL",246.675420
"Brazil","CR271212","Forest",7.153020
"Brazil","CR271212","OWL",186.815520
"Brazil","CR271213","Forest",2.402910
"Brazil","CR271213","OWL",131.385240
"Brazil","CR271214","Forest",12.971520
"Brazil","CR271214","OWL",117.472320
"Brazil","CR271215","Forest",54.498150
"Brazil","CR271215","OWL",37.888380
"Brazil","CR271216","Forest",29.428290
"Brazil","CR271216","OWL",72.181043
"Brazil","CR271217","Forest",21.117420
"Brazil","CR271217","OWL",10.951591
"Brazil","CR271218","Forest",26.482140
"Brazil","CR271218","OWL",13.967763
"Brazil","CR271219","Forest",34.105500
"Brazil","CR271219","OWL",0.104460
"Brazil","CR271220","Forest",34.727712
"Brazil","CR271221","Forest",32.550803
"Brazil","CR271222","Forest",36.386205
"Brazil","CR271223","Forest",32.060504
"Brazil","CR271224","Forest",43.993227
"Brazil","CR271225","Forest",114.401222
"Brazil","CR271226","Forest",112.056027
"Brazil","CR271227","Forest",85.252391
"Brazil","CR271227","OWL",2.038950
"Brazil","CR272185","Forest",31.493160
"Brazil","CR272185","OWL",0.533430
"Brazil","CR272186","Forest",73.753650
"Brazil","CR272186","OWL",6.957810
"Brazil","CR272187","Forest",164.007270
"Brazil","CR272187","OWL",11.157390
"Brazil","CR272188","Forest",168.518070
"Brazil","CR272188","OWL",30.942000
"Brazil","CR272189","Forest",175.457790
"Brazil","CR272189","OWL",17.154270
"Brazil","CR272190","Forest",190.693350
"Brazil","CR272190","OWL",13.159620
"Brazil","CR272191","Forest",153.727110
"Brazil","CR272191","OWL",27.727380
"Brazil","CR272192","Forest",26.718660
"Brazil","CR272192","OWL",182.174850
"Brazil","CR272193","Forest",38.770830
"Brazil","CR272193","OWL",244.535580
"Brazil","CR272194","Forest",10.397880
"Brazil","CR272194","OWL",246.614220
"Brazil","CR272195","Forest",3.977460
"Brazil","CR272195","OWL",242.976150
"Brazil","CR272196","Forest",2.364480
"Brazil","CR272196","OWL",208.878390
"Brazil","CR272197","Forest",32.289030
"Brazil","CR272197","OWL",231.931374
"Brazil","CR272198","Forest",6.379380
"Brazil","CR272198","OWL",215.037998
"Brazil","CR272199","Forest",37.715220
"Brazil","CR272199","OWL",206.093880
"Brazil","CR272200","Forest",79.567020
"Brazil","CR272200","OWL",184.650269
"Brazil","CR272201","Forest",13.172760
"Brazil","CR272201","OWL",231.146010
"Brazil","CR272202","Forest",16.613640
"Brazil","CR272202","OWL",248.309170
"Brazil","CR272203","Forest",0.488700
"Brazil","CR272203","OWL",275.044320
"Brazil","CR272204","Forest",1.090260
"Brazil","CR272204","OWL",188.143290
"Brazil","CR272205","Forest",24.887610
"Brazil","CR272205","OWL",192.293100
"Brazil","CR272206","Forest",48.600720
"Brazil","CR272206","OWL",158.446669
"Brazil","CR272207","Forest",11.126880
"Brazil","CR272207","OWL",164.486371
"Brazil","CR272208","Forest",31.255830
"Brazil","CR272208","OWL",162.464170
"Brazil","CR272209","Forest",1.743030
"Brazil","CR272209","OWL",176.426970
"Brazil","CR272210","Forest",5.761890
"Brazil","CR272210","OWL",201.833460
"Brazil","CR272211","Forest",23.762880
"Brazil","CR272211","OWL",182.758860
"Brazil","CR272212","Forest",6.562170
"Brazil","CR272212","OWL",166.924260
"Brazil","CR272213","Forest",6.821640
"Brazil","CR272213","OWL",168.872940
"Brazil","CR272214","Forest",10.828890
"Brazil","CR272214","OWL",154.566990
"Brazil","CR272215","Forest",25.312860
"Brazil","CR272215","OWL",80.935290
"Brazil","CR272216","Forest",16.433730
"Brazil","CR272216","OWL",95.196420
"Brazil","CR272217","Forest",26.279370
"Brazil","CR272217","OWL",33.527962
"Brazil","CR272218","Forest",26.219430
"Brazil","CR272218","OWL",18.305586
"Brazil","CR272219","Forest",34.738290
"Brazil","CR272219","OWL",13.130861
"Brazil","CR272220","Forest",75.120435
"Brazil","CR272221","Forest",57.782390
"Brazil","CR272221","OWL",0.742852
"Brazil","CR272222","Forest",36.077616
"Brazil","CR272223","Forest",30.249491
"Brazil","CR272224","Forest",45.963002
"Brazil","CR272225","Forest",85.805207
"Brazil","CR272226","Forest",117.101710
"Brazil","CR272227","Forest",9.790470
"Brazil","CR272227","OWL",0.265590
"Brazil","CR273185","Forest",3.967470
"Brazil","CR273185","OWL",0.043020
"Brazil","CR273186","Forest",159.102990
"Brazil","CR273186","OWL",39.439080
"Brazil","CR273187","Forest",219.811050
"Brazil","CR273187","OWL",57.849480
"Brazil","CR273188","Forest",224.881110
"Brazil","CR273188","OWL",53.850739
"Brazil","CR273189","Forest",223.029090
"Brazil","CR273189","OWL",65.808540
"Brazil","CR273190","Forest",158.967630
"Brazil","CR273190","OWL",96.851970
"Brazil","CR273191","Forest",224.893620
"Brazil","CR273191","OWL",47.364334
"Brazil","CR273192","Forest",86.025600
"Brazil","CR273192","OWL",183.913933
"Brazil","CR273193","Forest",39.315420
"Brazil","CR273193","OWL",239.765580
"Brazil","CR273194","Forest",6.322770
"Brazil","CR273194","OWL",246.431880
"Brazil","CR273195","Forest",0.995040
"Brazil","CR273195","OWL",232.729200
"Brazil","CR273196","Forest",18.932850
"Brazil","CR273196","OWL",202.269240
"Brazil","CR273197","Forest",30.192300
"Brazil","CR273197","OWL",220.187430
"Brazil","CR273198","Forest",95.312520
"Brazil","CR273198","OWL",180.438400
"Brazil","CR273199","Forest",111.716100
"Brazil","CR273199","OWL",176.619463
"Brazil","CR273200","Forest",12.302100
"Brazil","CR273200","OWL",263.035800
"Brazil","CR273201","Forest",19.404540
"Brazil","CR273201","OWL",248.944340
"Brazil","CR273202","Forest",6.613020
"Brazil","CR273202","OWL",269.768549
"Brazil","CR273203","Forest",1.296180
"Brazil","CR273203","OWL",286.993820
"Brazil","CR273204","Forest",6.662700
"Brazil","CR273204","OWL",224.817480
"Brazil","CR273205","Forest",29.752920
"Brazil","CR273205","OWL",149.357080
"Brazil","CR273206","Forest",1.323180
"Brazil","CR273206","OWL",129.546820
"Brazil","CR273207","Forest",3.747780
"Brazil","CR273207","OWL",168.961860
"Brazil","CR273208","Forest",11.648070
"Brazil","CR273208","OWL",112.980161
"Brazil","CR273209","Forest",3.078810
"Brazil","CR273209","OWL",147.862710
"Brazil","CR273210","Forest",8.442270
"Brazil","CR273210","OWL",128.987730
"Brazil","CR273211","Forest",2.053440
"Brazil","CR273211","OWL",129.102300
"Brazil","CR273212","Forest",4.022640
"Brazil","CR273212","OWL",129.326446
"Brazil","CR273213","Forest",10.494180
"Brazil","CR273213","OWL",107.976690
"Brazil","CR273214","Forest",14.656770
"Brazil","CR273214","OWL",100.643040
"Brazil","CR273215","Forest",18.726930
"Brazil","CR273215","OWL",92.781155
"Brazil","CR273216","Forest",29.055510
"Brazil","CR273216","OWL",132.701040
"Brazil","CR273217","Forest",18.878400
"Brazil","CR273217","OWL",96.787530
"Brazil","CR273218","Forest",49.384170
"Brazil","CR273218","OWL",11.492536
"Brazil","CR273219","Forest",46.006110
"Brazil","CR273219","OWL",61.965540
"Brazil","CR273220","Forest",100.553785
"Brazil","CR273220","OWL",4.330440
"Brazil","CR273221","Forest",116.589847
"Brazil","CR273222","Forest",61.963293
"Brazil","CR273223","Forest",57.614618
"Brazil","CR273224","Forest",63.549239
"Brazil","CR273225","Forest",59.112962
"Brazil","CR273226","Forest",92.603415
"Brazil","CR273227","Forest",0.952560
"Brazil","CR273227","OWL",0.305550
"Brazil","CR274185","Forest",11.539260
"Brazil","CR274185","OWL",5.508810
"Brazil","CR274186","Forest",159.743610
"Brazil","CR274186","OWL",94.707180
"Brazil","CR274187","Forest",192.586590
"Brazil","CR274187","OWL",84.394620
"Brazil","CR274188","Forest",218.288070
"Brazil","CR274188","OWL",51.835774
"Brazil","CR274189","Forest",259.094790
"Brazil","CR274189","OWL",31.669310
"Brazil","CR274190","Forest",182.382570
"Brazil","CR274190","OWL",99.882090
"Brazil","CR274191","Forest",208.333440
"Brazil","CR274191","OWL",83.103446
"Brazil","CR274192","Forest",90.334800
"Brazil","CR274192","OWL",183.491831
"Brazil","CR274193","Forest",25.921350
"Brazil","CR274193","OWL",262.470240
"Brazil","CR274194","Forest",2.218860
"Brazil","CR274194","OWL",185.985180
"Brazil","CR274195","Forest",0.620280
"Brazil","CR274195","OWL",139.588977
"Brazil","CR274196","Forest",65.330730
"Brazil","CR274196","OWL",180.464940
"Brazil","CR274197","Forest",119.843820
"Brazil","CR274197","OWL",150.364479
"Brazil","CR274198","Forest",169.059780
"Brazil","CR274198","OWL",129.640220
"Brazil","CR274199","Forest",63.224010
"Brazil","CR274199","OWL",172.599574
"Brazil","CR274200","Forest",0.018540
"Brazil","CR274200","OWL",224.632053
"Brazil","CR274201","Forest",0.963720
"Brazil","CR274201","OWL",236.982690
"Brazil","CR274202","Forest",1.981530
"Brazil","CR274202","OWL",210.456630
"Brazil","CR274203","Forest",5.073030
"Brazil","CR274203","OWL",224.686620
"Brazil","CR274204","Forest",6.780960
"Brazil","CR274204","OWL",239.289040
"Brazil","CR274205","Forest",15.146280
"Brazil","CR274205","OWL",158.296154
"Brazil","CR274206","Forest",6.035490
"Brazil","CR274206","OWL",163.563750
"Brazil","CR274207","Forest",2.276550
"Brazil","CR274207","OWL",177.433450
"Brazil","CR274208","Forest",0.542070
"Brazil","CR274208","OWL",129.034710
"Brazil","CR274209","Forest",4.222170
"Brazil","CR274209","OWL",108.120050
"Brazil","CR274210","Forest",2.850660
"Brazil","CR274210","OWL",143.664378
"Brazil","CR274211","Forest",3.564540
"Brazil","CR274211","OWL",126.751500
"Brazil","CR274212","Forest",3.523410
"Brazil","CR274212","OWL",105.371010
"Brazil","CR274213","Forest",4.517910
"Brazil","CR274213","OWL",138.782430
"Brazil","CR274214","Forest",16.399710
"Brazil","CR274214","OWL",143.604780
"Brazil","CR274215","Forest",22.652460
"Brazil","CR274215","OWL",160.729830
"Brazil","CR274216","Forest",58.660830
"Brazil","CR274216","OWL",145.109160
"Brazil","CR274217","Forest",118.119690
"Brazil","CR274217","OWL",68.498190
"Brazil","CR274218","Forest",107.893015
"Brazil","CR274219","Forest",79.173867
"Brazil","CR274219","OWL",2.385000
"Brazil","CR274220","Forest",82.333906
"Brazil","CR274221","Forest",67.563549
"Brazil","CR274222","Forest",62.641168
"Brazil","CR274223","Forest",50.390000
"Brazil","CR274224","Forest",55.906800
"Brazil","CR274225","Forest",85.380000
"Brazil","CR274226","Forest",87.420000
"Brazil","CR275186","Forest",85.046580
"Brazil","CR275186","OWL",53.751510
"Brazil","CR275187","Forest",132.264450
"Brazil","CR275187","OWL",150.152623
"Brazil","CR275188","Forest",174.922830
"Brazil","CR275188","OWL",74.322707
"Brazil","CR275189","Forest",211.137840
"Brazil","CR275189","OWL",73.708928
"Brazil","CR275190","Forest",159.104610
"Brazil","CR275190","OWL",71.125320
"Brazil","CR275191","Forest",133.520940
"Brazil","CR275191","OWL",129.196800
"Brazil","CR275192","Forest",143.450010
"Brazil","CR275192","OWL",133.132899
"Brazil","CR275193","Forest",51.000570
"Brazil","CR275193","OWL",211.642380
"Brazil","CR275194","Forest",8.181000
"Brazil","CR275194","OWL",120.379082
"Brazil","CR275195","Forest",4.025970
"Brazil","CR275195","OWL",253.999710
"Brazil","CR275196","Forest",14.000400
"Brazil","CR275196","OWL",246.444480
"Brazil","CR275197","Forest",3.609180
"Brazil","CR275197","OWL",233.903340
"Brazil","CR275198","Forest",36.702720
"Brazil","CR275198","OWL",234.968090
"Brazil","CR275199","Forest",1.001430
"Brazil","CR275199","OWL",158.775409
"Brazil","CR275200","Forest",0.106020
"Brazil","CR275200","OWL",202.193820
"Brazil","CR275201","Forest",0.493650
"Brazil","CR275201","OWL",166.336110
"Brazil","CR275202","Forest",1.934910
"Brazil","CR275202","OWL",126.973800
"Brazil","CR275203","Forest",1.807200
"Brazil","CR275203","OWL",225.105220
"Brazil","CR275204","Forest",13.907250
"Brazil","CR275204","OWL",198.278265
"Brazil","CR275205","Forest",12.314250
"Brazil","CR275205","OWL",164.105750
"Brazil","CR275206","Forest",4.922280
"Brazil","CR275206","OWL",72.265516
"Brazil","CR275207","Forest",7.915950
"Brazil","CR275207","OWL",192.325492
"Brazil","CR275208","Forest",1.990710
"Brazil","CR275208","OWL",165.234221
"Brazil","CR275209","Forest",10.423170
"Brazil","CR275209","OWL",99.368208
"Brazil","CR275210","Forest",16.848630
"Brazil","CR275210","OWL",68.962829
"Brazil","CR275211","Forest",13.158360
"Brazil","CR275211","OWL",149.197662
"Brazil","CR275212","Forest",18.986670
"Brazil","CR275212","OWL",159.035670
"Brazil","CR275213","Forest",31.913370
"Brazil","CR275213","OWL",192.508470
"Brazil","CR275214","Forest",61.673040
"Brazil","CR275214","OWL",148.672080
"Brazil","CR275215","Forest",69.462720
"Brazil","CR275215","OWL",133.040759
"Brazil","CR275216","Forest",84.117060
"Brazil","CR275216","OWL",63.879177
"Brazil","CR275217","Forest",60.592290
"Brazil","CR275217","OWL",1.804770
"Brazil","CR275218","Forest",58.176400
"Brazil","CR275219","Forest",57.632711
"Brazil","CR275220","Forest",66.956242
"Brazil","CR275221","Forest",44.766122
"Brazil","CR275222","Forest",54.256010
"Brazil","CR275223","Forest",42.994963
"Brazil","CR275224","Forest",61.219933
"Brazil","CR275225","Forest",131.905316
"Brazil","CR275226","Forest",78.720000
"Brazil","CR276186","Forest",96.445800
"Brazil","CR276186","OWL",18.848070
"Brazil","CR276187","Forest",240.292170
"Brazil","CR276187","OWL",22.137830
"Brazil","CR276188","Forest",164.609064
"Brazil","CR276189","Forest",134.472690
"Brazil","CR276189","OWL",92.841061
"Brazil","CR276190","Forest",50.294160
"Brazil","CR276190","OWL",50.043206
"Brazil","CR276191","Forest",26.517060
"Brazil","CR276191","OWL",72.029223
"Brazil","CR276192","Forest",41.588100
"Brazil","CR276192","OWL",180.918450
"Brazil","CR276193","Forest",53.568900
"Brazil","CR276193","OWL",212.072040
"Brazil","CR276194","Forest",27.572220
"Brazil","CR276194","OWL",96.963157
"Brazil","CR276195","Forest",4.892760
"Brazil","CR276195","OWL",231.490440
"Brazil","CR276196","Forest",1.622520
"Brazil","CR276196","OWL",221.300820
"Brazil","CR276197","Forest",1.969560
"Brazil","CR276197","OWL",177.315480
"Brazil","CR276198","Forest",1.015740
"Brazil","CR276198","OWL",156.757582
"Brazil","CR276199","Forest",0.350550
"Brazil","CR276199","OWL",196.969592
"Brazil","CR276200","Forest",5.391090
"Brazil","CR276200","OWL",111.002040
"Brazil","CR276201","Forest",8.286840
"Brazil","CR276201","OWL",165.422610
"Brazil","CR276202","Forest",0.147420
"Brazil","CR276202","OWL",152.397540
"Brazil","CR276203","Forest",2.355570
"Brazil","CR276203","OWL",181.854430
"Brazil","CR276204","Forest",8.180010
"Brazil","CR276204","OWL",210.113002
"Brazil","CR276205","Forest",16.939260
"Brazil","CR276205","OWL",193.340740
"Brazil","CR276206","Forest",23.160420
"Brazil","CR276206","OWL",142.739580
"Brazil","CR276207","Forest",30.212820
"Brazil","CR276207","OWL",133.217220
"Brazil","CR276208","Forest",7.948800
"Brazil","CR276208","OWL",74.501816
"Brazil","CR276209","Forest",4.395060
"Brazil","CR276209","OWL",133.838084
"Brazil","CR276210","Forest",10.164600
"Brazil","CR276210","OWL",175.736790
"Brazil","CR276211","Forest",58.137930
"Brazil","CR276211","OWL",100.588247
"Brazil","CR276212","Forest",78.109380
"Brazil","CR276212","OWL",117.736338
"Brazil","CR276213","Forest",37.878300
"Brazil","CR276213","OWL",92.580415
"Brazil","CR276214","Forest",23.595570
"Brazil","CR276214","OWL",113.484734
"Brazil","CR276215","Forest",85.297680
"Brazil","CR276215","OWL",81.197753
"Brazil","CR276216","Forest",82.183412
"Brazil","CR276216","OWL",8.804583
"Brazil","CR276217","Forest",40.127897
"Brazil","CR276218","Forest",58.065600
"Brazil","CR276219","Forest",43.994449
"Brazil","CR276220","Forest",50.869580
"Brazil","CR276221","Forest",57.477200
"Brazil","CR276222","Forest",65.008135
"Brazil","CR276223","Forest",43.947805
"Brazil","CR276224","Forest",30.964755
"Brazil","CR276225","Forest",128.859368
"Brazil","CR276226","Forest",39.211700
"Brazil","CR276226","OWL",0.468990
"Brazil","CR277186","Forest",60.328170
"Brazil","CR277186","OWL",15.066900
"Brazil","CR277187","Forest",201.806190
"Brazil","CR277187","OWL",79.528927
"Brazil","CR277188","Forest",107.712180
"Brazil","CR277188","OWL",180.315180
"Brazil","CR277189","Forest",140.103270
"Brazil","CR277189","OWL",150.468210
"Brazil","CR277190","Forest",64.275750
"Brazil","CR277190","OWL",177.343708
"Brazil","CR277191","Forest",3.245400
"Brazil","CR277191","OWL",260.185630
"Brazil","CR277192","Forest",4.005630
"Brazil","CR277192","OWL",282.433500
"Brazil","CR277193","Forest",7.067160
"Brazil","CR277193","OWL",214.108255
"Brazil","CR277194","Forest",12.901950
"Brazil","CR277194","OWL",248.996108
"Brazil","CR277195","Forest",6.659010
"Brazil","CR277195","OWL",221.050990
"Brazil","CR277196","Forest",2.261520
"Brazil","CR277196","OWL",193.647359
"Brazil","CR277197","Forest",2.945880
"Brazil","CR277197","OWL",227.225729
"Brazil","CR277198","Forest",1.147500
"Brazil","CR277198","OWL",215.569626
"Brazil","CR277199","Forest",0.153450
"Brazil","CR277199","OWL",206.167680
"Brazil","CR277200","Forest",3.192660
"Brazil","CR277200","OWL",158.472990
"Brazil","CR277201","Forest",0.007020
"Brazil","CR277201","OWL",226.518840
"Brazil","CR277202","Forest",0.140670
"Brazil","CR277202","OWL",155.942010
"Brazil","CR277203","Forest",0.280530
"Brazil","CR277203","OWL",48.769470
"Brazil","CR277204","Forest",1.163250
"Brazil","CR277204","OWL",70.406750
"Brazil","CR277205","Forest",18.667350
"Brazil","CR277205","OWL",137.174931
"Brazil","CR277206","Forest",16.168410
"Brazil","CR277206","OWL",127.262686
"Brazil","CR277207","Forest",32.717790
"Brazil","CR277207","OWL",143.001877
"Brazil","CR277208","Forest",12.464910
"Brazil","CR277208","OWL",44.961080
"Brazil","CR277209","Forest",2.924730
"Brazil","CR277209","OWL",43.503316
"Brazil","CR277210","Forest",1.684260
"Brazil","CR277210","OWL",129.113297
"Brazil","CR277211","Forest",21.403980
"Brazil","CR277211","OWL",137.510813
"Brazil","CR277212","Forest",55.587780
"Brazil","CR277212","OWL",79.614267
"Brazil","CR277213","Forest",73.585620
"Brazil","CR277213","OWL",40.825955
"Brazil","CR277214","Forest",66.673530
"Brazil","CR277214","OWL",72.151208
"Brazil","CR277215","Forest",145.818365
"Brazil","CR277215","OWL",7.654656
"Brazil","CR277216","Forest",135.234146
"Brazil","CR277217","Forest",33.293258
"Brazil","CR277218","Forest",4.367576
"Brazil","CR277219","Forest",22.180704
"Brazil","CR277220","Forest",48.448863
"Brazil","CR277221","Forest",61.617650
"Brazil","CR277222","Forest",70.245649
"Brazil","CR277223","Forest",24.150000
"Brazil","CR277224","Forest",60.943800
"Brazil","CR277225","Forest",39.906000
"Brazil","CR277226","Forest",0.689400
"Brazil","CR277226","OWL",0.680580
"Brazil","CR278186","Forest",25.620930
"Brazil","CR278186","OWL",1.479510
"Brazil","CR278187","Forest",151.034130
"Brazil","CR278187","OWL",110.548060
"Brazil","CR278188","Forest",67.104720
"Brazil","CR278188","OWL",211.785280
"Brazil","CR278189","Forest",15.827220
"Brazil","CR278189","OWL",242.602780
"Brazil","CR278190","Forest",3.321720
"Brazil","CR278190","OWL",240.589506
"Brazil","CR278191","Forest",3.455010
"Brazil","CR278191","OWL",176.462531
"Brazil","CR278192","Forest",1.745100
"Brazil","CR278192","OWL",255.221521
"Brazil","CR278193","Forest",2.292660
"Brazil","CR278193","OWL",227.101506
"Brazil","CR278194","Forest",1.274310
"Brazil","CR278194","OWL",230.050841
"Brazil","CR278195","Forest",1.483920
"Brazil","CR278195","OWL",166.212982
"Brazil","CR278196","Forest",0.847170
"Brazil","CR278196","OWL",207.302830
"Brazil","CR278197","Forest",2.207250
"Brazil","CR278197","OWL",188.677170
"Brazil","CR278198","Forest",0.807480
"Brazil","CR278198","OWL",221.056366
"Brazil","CR278199","Forest",0.580770
"Brazil","CR278199","OWL",146.096820
"Brazil","CR278200","Forest",0.174060
"Brazil","CR278200","OWL",143.178300
"Brazil","CR278201","OWL",250.051590
"Brazil","CR278202","Forest",2.345850
"Brazil","CR278202","OWL",164.101050
"Brazil","CR278203","Forest",4.446990
"Brazil","CR278203","OWL",174.024270
"Brazil","CR278204","Forest",83.548206
"Brazil","CR278204","OWL",117.008310
"Brazil","CR278205","Forest",122.000650
"Brazil","CR278205","OWL",51.554418
"Brazil","CR278206","Forest",73.246860
"Brazil","CR278206","OWL",68.384520
"Brazil","CR278207","Forest",71.568360
"Brazil","CR278207","OWL",84.634518
"Brazil","CR278208","Forest",57.095550
"Brazil","CR278208","OWL",94.924524
"Brazil","CR278209","Forest",0.959490
"Brazil","CR278209","OWL",68.399344
"Brazil","CR278210","Forest",2.109420
"Brazil","CR278210","OWL",100.000580
"Brazil","CR278211","Forest",21.090780
"Brazil","CR278211","OWL",106.131378
"Brazil","CR278212","Forest",102.378330
"Brazil","CR278212","OWL",56.666953
"Brazil","CR278213","Forest",135.500725
"Brazil","CR278213","OWL",2.546498
"Brazil","CR278214","Forest",76.716595
"Brazil","CR278214","OWL",9.669467
"Brazil","CR278215","Forest",114.629445
"Brazil","CR278216","Forest",51.232920
"Brazil","CR278217","Forest",16.219943
"Brazil","CR278218","Forest",15.940875
"Brazil","CR278219","Forest",23.832736
"Brazil","CR278220","Forest",38.173307
"Brazil","CR278221","Forest",63.136199
"Brazil","CR278222","Forest",56.429400
"Brazil","CR278223","Forest",30.030000
"Brazil","CR278224","Forest",4.400550
"Brazil","CR278224","OWL",1.439450
"Brazil","CR278225","Forest",0.023670
"Brazil","CR278225","OWL",1.151730
"Brazil","CR279186","Forest",38.553300
"Brazil","CR279186","OWL",0.881280
"Brazil","CR279187","Forest",131.213160
"Brazil","CR279187","OWL",109.293148
"Brazil","CR279188","Forest",77.884564
"Brazil","CR279188","OWL",157.692340
"Brazil","CR279189","Forest",74.975182
"Brazil","CR279189","OWL",133.305588
"Brazil","CR279190","Forest",30.453930
"Brazil","CR279190","OWL",208.175422
"Brazil","CR279191","Forest",19.852380
"Brazil","CR279191","OWL",53.736049
"Brazil","CR279192","Forest",22.356810
"Brazil","CR279192","OWL",198.035190
"Brazil","CR279193","Forest",5.714550
"Brazil","CR279193","OWL",94.541627
"Brazil","CR279194","Forest",8.959500
"Brazil","CR279194","OWL",172.730706
"Brazil","CR279195","Forest",6.636600
"Brazil","CR279195","OWL",157.443400
"Brazil","CR279196","Forest",5.145930
"Brazil","CR279196","OWL",161.324070
"Brazil","CR279197","Forest",4.566150
"Brazil","CR279197","OWL",154.990170
"Brazil","CR279198","Forest",0.134280
"Brazil","CR279198","OWL",171.389160
"Brazil","CR279199","Forest",0.842760
"Brazil","CR279199","OWL",99.292140
"Brazil","CR279200","Forest",0.138510
"Brazil","CR279200","OWL",152.799930
"Brazil","CR279201","Forest",0.578340
"Brazil","CR279201","OWL",96.257430
"Brazil","CR279202","Forest",11.763117
"Brazil","CR279202","OWL",117.041490
"Brazil","CR279203","Forest",48.581730
"Brazil","CR279203","OWL",75.650770
"Brazil","CR279204","Forest",98.098548
"Brazil","CR279205","Forest",61.723784
"Brazil","CR279205","OWL",18.359830
"Brazil","CR279206","Forest",34.902540
"Brazil","CR279206","OWL",77.021653
"Brazil","CR279207","Forest",7.401690
"Brazil","CR279207","OWL",93.548962
"Brazil","CR279208","Forest",5.667030
"Brazil","CR279208","OWL",120.220015
"Brazil","CR279209","Forest",7.395570
"Brazil","CR279209","OWL",78.144430
"Brazil","CR279210","Forest",31.458870
"Brazil","CR279210","OWL",46.019191
"Brazil","CR279211","Forest",60.888660
"Brazil","CR279211","OWL",6.719940
"Brazil","CR279212","Forest",128.314947
"Brazil","CR279213","Forest",98.983441
"Brazil","CR279214","Forest",62.169680
"Brazil","CR279215","Forest",20.059155
"Brazil","CR279216","Forest",14.170000
"Brazil","CR279217","Forest",11.957789
"Brazil","CR279218","Forest",28.869189
"Brazil","CR279219","Forest",43.044734
"Brazil","CR279220","Forest",56.663200
"Brazil","CR279221","Forest",158.724514
"Brazil","CR279222","Forest",73.970048
"Brazil","CR279222","OWL",1.029600
"Brazil","CR279223","Forest",0.218698
"Brazil","CR280186","Forest",26.552056
"Brazil","CR280187","Forest",116.109090
"Brazil","CR280187","OWL",102.400910
"Brazil","CR280188","Forest",36.328320
"Brazil","CR280188","OWL",213.811680
"Brazil","CR280189","Forest",19.223820
"Brazil","CR280189","OWL",226.846180
"Brazil","CR280190","Forest",14.006160
"Brazil","CR280190","OWL",204.969236
"Brazil","CR280191","Forest",2.268090
"Brazil","CR280191","OWL",132.704010
"Brazil","CR280192","Forest",2.527560
"Brazil","CR280192","OWL",116.633160
"Brazil","CR280193","Forest",3.457620
"Brazil","CR280193","OWL",184.135860
"Brazil","CR280194","Forest",3.057300
"Brazil","CR280194","OWL",233.484646
"Brazil","CR280195","Forest",12.751200
"Brazil","CR280195","OWL",186.607890
"Brazil","CR280196","Forest",6.839100
"Brazil","CR280196","OWL",117.720900
"Brazil","CR280197","Forest",0.963900
"Brazil","CR280197","OWL",140.917785
"Brazil","CR280198","Forest",0.258660
"Brazil","CR280198","OWL",235.577160
"Brazil","CR280199","Forest",0.588690
"Brazil","CR280199","OWL",120.213900
"Brazil","CR280200","Forest",0.152370
"Brazil","CR280200","OWL",49.691700
"Brazil","CR280201","Forest",29.280780
"Brazil","CR280201","OWL",49.491770
"Brazil","CR280202","Forest",49.297986
"Brazil","CR280202","OWL",2.213960
"Brazil","CR280203","Forest",38.440564
"Brazil","CR280204","Forest",35.600994
"Brazil","CR280205","Forest",42.242580
"Brazil","CR280205","OWL",9.891464
"Brazil","CR280206","Forest",28.266487
"Brazil","CR280206","OWL",19.358010
"Brazil","CR280207","Forest",49.204260
"Brazil","CR280207","OWL",25.709789
"Brazil","CR280208","Forest",78.329869
"Brazil","CR280209","Forest",86.623213
"Brazil","CR280209","OWL",11.031570
"Brazil","CR280210","Forest",89.380630
"Brazil","CR280210","OWL",8.613210
"Brazil","CR280211","Forest",44.675190
"Brazil","CR280211","OWL",2.741086
"Brazil","CR280212","Forest",30.700000
"Brazil","CR280213","Forest",36.582996
"Brazil","CR280214","Forest",38.536080
"Brazil","CR280215","Forest",20.395933
"Brazil","CR280216","Forest",10.057167
"Brazil","CR280217","Forest",12.938766
"Brazil","CR280218","Forest",42.373123
"Brazil","CR280219","Forest",53.475600
"Brazil","CR280220","Forest",50.544992
"Brazil","CR280221","Forest",37.586944
"Brazil","CR280222","Forest",2.181450
"Brazil","CR280222","OWL",1.137690
"Brazil","CR281186","Forest",1.800000
"Brazil","CR281187","Forest",103.427010
"Brazil","CR281187","OWL",24.919140
"Brazil","CR281188","Forest",27.068836
"Brazil","CR281188","OWL",160.049371
"Brazil","CR281189","Forest",29.666160
"Brazil","CR281189","OWL",223.980373
"Brazil","CR281190","Forest",17.938620
"Brazil","CR281190","OWL",178.174368
"Brazil","CR281191","Forest",23.618790
"Brazil","CR281191","OWL",73.631535
"Brazil","CR281192","Forest",11.171160
"Brazil","CR281192","OWL",96.629168
"Brazil","CR281193","Forest",15.786180
"Brazil","CR281193","OWL",188.518757
"Brazil","CR281194","Forest",31.243770
"Brazil","CR281194","OWL",208.948543
"Brazil","CR281195","Forest",138.575520
"Brazil","CR281195","OWL",114.030781
"Brazil","CR281196","Forest",11.148660
"Brazil","CR281196","OWL",155.511340
"Brazil","CR281197","Forest",3.290130
"Brazil","CR281197","OWL",222.734515
"Brazil","CR281198","Forest",1.353150
"Brazil","CR281198","OWL",163.441980
"Brazil","CR281199","Forest",0.185580
"Brazil","CR281199","OWL",96.704820
"Brazil","CR281200","Forest",2.869110
"Brazil","CR281200","OWL",120.334230
"Brazil","CR281201","Forest",7.213140
"Brazil","CR281201","OWL",133.757650
"Brazil","CR281202","Forest",9.030510
"Brazil","CR281202","OWL",68.911200
"Brazil","CR281203","Forest",3.965130
"Brazil","CR281203","OWL",35.474870
"Brazil","CR281204","Forest",1.717380
"Brazil","CR281204","OWL",5.402620
"Brazil","CR281205","Forest",3.497020
"Brazil","CR281205","OWL",8.232709
"Brazil","CR281206","Forest",31.915260
"Brazil","CR281206","OWL",18.093681
"Brazil","CR281207","Forest",97.529040
"Brazil","CR281207","OWL",5.916560
"Brazil","CR281208","Forest",152.356472
"Brazil","CR281208","OWL",0.042840
"Brazil","CR281209","Forest",117.962560
"Brazil","CR281209","OWL",6.192810
"Brazil","CR281210","Forest",84.914100
"Brazil","CR281210","OWL",9.493426
"Brazil","CR281211","Forest",75.804728
"Brazil","CR281212","Forest",59.289300
"Brazil","CR281212","OWL",3.819240
"Brazil","CR281213","Forest",40.425272
"Brazil","CR281214","Forest",64.373268
"Brazil","CR281215","Forest",31.472514
"Brazil","CR281216","Forest",20.812434
"Brazil","CR281217","Forest",19.736593
"Brazil","CR281218","Forest",12.715831
"Brazil","CR281219","Forest",29.916082
"Brazil","CR281220","Forest",6.839730
"Brazil","CR281220","OWL",2.637360
"Brazil","CR282187","Forest",47.331930
"Brazil","CR282188","Forest",53.546580
"Brazil","CR282188","OWL",216.103420
"Brazil","CR282189","Forest",27.296280
"Brazil","CR282189","OWL",215.928850
"Brazil","CR282190","Forest",22.587660
"Brazil","CR282190","OWL",207.744221
"Brazil","CR282191","Forest",16.364520
"Brazil","CR282191","OWL",132.707855
"Brazil","CR282192","Forest",6.371460
"Brazil","CR282192","OWL",169.774877
"Brazil","CR282193","Forest",10.843110
"Brazil","CR282193","OWL",150.846635
"Brazil","CR282194","Forest",39.108600
"Brazil","CR282194","OWL",178.626936
"Brazil","CR282195","Forest",120.767130
"Brazil","CR282195","OWL",79.878960
"Brazil","CR282196","Forest",38.938320
"Brazil","CR282196","OWL",139.313820
"Brazil","CR282197","Forest",1.086390
"Brazil","CR282197","OWL",205.999200
"Brazil","CR282198","Forest",1.403820
"Brazil","CR282198","OWL",71.730540
"Brazil","CR282199","Forest",0.070470
"Brazil","CR282199","OWL",151.717860
"Brazil","CR282200","Forest",0.352710
"Brazil","CR282200","OWL",156.904380
"Brazil","CR282201","Forest",7.306740
"Brazil","CR282201","OWL",87.207251
"Brazil","CR282202","Forest",20.649600
"Brazil","CR282202","OWL",43.332682
"Brazil","CR282203","Forest",9.679770
"Brazil","CR282203","OWL",88.150230
"Brazil","CR282204","Forest",8.310510
"Brazil","CR282204","OWL",10.119490
"Brazil","CR282205","Forest",9.955980
"Brazil","CR282205","OWL",4.154020
"Brazil","CR282206","Forest",29.586420
"Brazil","CR282206","OWL",5.653580
"Brazil","CR282207","Forest",91.229039
"Brazil","CR282208","Forest",156.143104
"Brazil","CR282209","Forest",184.358027
"Brazil","CR282210","Forest",187.786531
"Brazil","CR282211","Forest",206.279653
"Brazil","CR282212","Forest",142.636000
"Brazil","CR282212","OWL",0.047070
"Brazil","CR282213","Forest",103.704194
"Brazil","CR282214","Forest",56.292341
"Brazil","CR282215","Forest",28.959747
"Brazil","CR282216","Forest",30.394482
"Brazil","CR283187","Forest",1.631813
"Brazil","CR283188","Forest",80.148330
"Brazil","CR283188","OWL",52.888459
"Brazil","CR283189","Forest",130.587107
"Brazil","CR283189","OWL",73.343566
"Brazil","CR283190","Forest",10.018800
"Brazil","CR283190","OWL",191.578006
"Brazil","CR283191","Forest",4.196970
"Brazil","CR283191","OWL",144.683030
"Brazil","CR283192","Forest",3.575700
"Brazil","CR283192","OWL",43.698512
"Brazil","CR283193","Forest",4.924800
"Brazil","CR283193","OWL",68.434819
"Brazil","CR283194","Forest",6.038730
"Brazil","CR283194","OWL",89.455096
"Brazil","CR283195","Forest",19.405260
"Brazil","CR283195","OWL",66.463677
"Brazil","CR283196","Forest",11.435400
"Brazil","CR283196","OWL",84.588513
"Brazil","CR283197","Forest",5.009400
"Brazil","CR283197","OWL",120.260242
"Brazil","CR283198","Forest",2.698380
"Brazil","CR283198","OWL",39.502260
"Brazil","CR283199","Forest",0.024120
"Brazil","CR283199","OWL",98.236080
"Brazil","CR283200","Forest",0.836820
"Brazil","CR283200","OWL",206.334270
"Brazil","CR283201","Forest",11.349090
"Brazil","CR283201","OWL",182.998507
"Brazil","CR283202","Forest",25.063470
"Brazil","CR283202","OWL",38.271452
"Brazil","CR283203","Forest",9.727560
"Brazil","CR283203","OWL",26.907166
"Brazil","CR283204","Forest",11.931660
"Brazil","CR283204","OWL",17.395559
"Brazil","CR283205","Forest",34.815870
"Brazil","CR283205","OWL",4.339237
"Brazil","CR283206","Forest",82.391580
"Brazil","CR283206","OWL",0.519210
"Brazil","CR283207","Forest",28.955790
"Brazil","CR283207","OWL",1.391670
"Brazil","CR283208","Forest",6.840540
"Brazil","CR283208","OWL",0.279540
"Brazil","CR283209","Forest",2.363760
"Brazil","CR283209","OWL",0.084960
"Brazil","CR283212","Forest",7.177680
"Brazil","CR283212","OWL",0.775980
"Brazil","CR283213","Forest",4.623300
"Brazil","CR283213","OWL",0.066960
"Brazil","CR284188","Forest",13.568670
"Brazil","CR284188","OWL",0.447120
"Brazil","CR284189","Forest",66.983327
"Brazil","CR284190","Forest",18.188100
"Brazil","CR284190","OWL",164.975763
"Brazil","CR284191","Forest",8.272440
"Brazil","CR284191","OWL",93.677560
"Brazil","CR284192","Forest",1.777770
"Brazil","CR284192","OWL",108.812340
"Brazil","CR284193","OWL",65.776559
"Brazil","CR284194","OWL",149.007997
"Brazil","CR284195","Forest",3.729510
"Brazil","CR284195","OWL",107.610689
"Brazil","CR284196","Forest",24.338790
"Brazil","CR284196","OWL",87.239539
"Brazil","CR284197","Forest",3.134250
"Brazil","CR284197","OWL",181.477961
"Brazil","CR284198","Forest",2.294640
"Brazil","CR284198","OWL",94.083399
"Brazil","CR284199","Forest",2.865420
"Brazil","CR284199","OWL",77.280120
"Brazil","CR284200","Forest",5.352210
"Brazil","CR284200","OWL",82.802915
"Brazil","CR284201","Forest",2.699550
"Brazil","CR284201","OWL",55.211658
"Brazil","CR284202","Forest",2.699910
"Brazil","CR284202","OWL",19.948764
"Brazil","CR284203","Forest",9.777600
"Brazil","CR284203","OWL",12.309118
"Brazil","CR284204","Forest",20.191150
"Brazil","CR284205","Forest",59.699800
"Brazil","CR284206","Forest",44.636760
"Brazil","CR285189","Forest",16.434615
"Brazil","CR285190","Forest",54.351180
"Brazil","CR285190","OWL",41.859403
"Brazil","CR285191","Forest",2.467080
"Brazil","CR285191","OWL",235.553310
"Brazil","CR285192","Forest",2.291940
"Brazil","CR285192","OWL",141.698060
"Brazil","CR285193","OWL",113.330656
"Brazil","CR285194","OWL",174.638520
"Brazil","CR285195","Forest",12.121560
"Brazil","CR285195","OWL",87.218859
"Brazil","CR285196","Forest",10.389240
"Brazil","CR285196","OWL",62.533591
"Brazil","CR285197","Forest",2.279340
"Brazil","CR285197","OWL",209.887290
"Brazil","CR285198","Forest",0.888840
"Brazil","CR285198","OWL",118.537579
"Brazil","CR285199","Forest",0.785610
"Brazil","CR285199","OWL",24.952772
"Brazil","CR285200","Forest",0.628650
"Brazil","CR285200","OWL",72.301350
"Brazil","CR285201","Forest",0.248490
"Brazil","CR285201","OWL",17.301918
"Brazil","CR285202","Forest",3.751560
"Brazil","CR285202","OWL",12.616085
"Brazil","CR285203","Forest",18.968130
"Brazil","CR285203","OWL",11.711870
"Brazil","CR285204","Forest",70.273073
"Brazil","CR285205","Forest",61.911000
"Brazil","CR285205","OWL",0.278730
"Brazil","CR286190","Forest",2.174760
"Brazil","CR286190","OWL",41.228370
"Brazil","CR286191","Forest",3.864330
"Brazil","CR286191","OWL",138.714074
"Brazil","CR286192","Forest",2.907270
"Brazil","CR286192","OWL",125.821992
"Brazil","CR286193","Forest",2.044440
"Brazil","CR286193","OWL",97.108020
"Brazil","CR286194","Forest",0.286290
"Brazil","CR286194","OWL",100.295100
"Brazil","CR286195","Forest",5.859360
"Brazil","CR286195","OWL",77.427121
"Brazil","CR286196","Forest",5.057910
"Brazil","CR286196","OWL",164.121166
"Brazil","CR286197","Forest",0.632520
"Brazil","CR286197","OWL",193.836870
"Brazil","CR286198","Forest",0.891000
"Brazil","CR286198","OWL",82.228385
"Brazil","CR286199","Forest",0.721800
"Brazil","CR286199","OWL",27.666542
"Brazil","CR286200","Forest",0.469710
"Brazil","CR286200","OWL",47.390290
"Brazil","CR286201","Forest",2.726100
"Brazil","CR286201","OWL",17.963900
"Brazil","CR286202","Forest",43.285770
"Brazil","CR286202","OWL",1.769690
"Brazil","CR286203","Forest",28.480400
"Brazil","CR286204","Forest",4.556700
"Brazil","CR286204","OWL",0.004860
"Brazil","CR287190","Forest",0.033120
"Brazil","CR287190","OWL",4.277610
"Brazil","CR287191","Forest",3.450330
"Brazil","CR287191","OWL",119.578230
"Brazil","CR287192","Forest",0.405720
"Brazil","CR287192","OWL",75.768750
"Brazil","CR287193","Forest",3.710250
"Brazil","CR287193","OWL",82.652510
"Brazil","CR287194","Forest",0.871740
"Brazil","CR287194","OWL",93.533040
"Brazil","CR287195","Forest",1.743480
"Brazil","CR287195","OWL",119.190510
"Brazil","CR287196","Forest",2.297520
"Brazil","CR287196","OWL",140.970150
"Brazil","CR287197","Forest",4.098150
"Brazil","CR287197","OWL",167.520310
"Brazil","CR287198","Forest",2.569320
"Brazil","CR287198","OWL",58.305330
"Brazil","CR287199","Forest",8.415270
"Brazil","CR287199","OWL",15.115376
"Brazil","CR287200","Forest",1.177920
"Brazil","CR287200","OWL",24.815242
"Brazil","CR287201","Forest",13.563000
"Brazil","CR287201","OWL",6.347000
"Brazil","CR287202","Forest",12.435300
"Brazil","CR287202","OWL",0.386190
"Brazil","CR288191","Forest",2.376090
"Brazil","CR288191","OWL",131.133910
"Brazil","CR288192","Forest",2.758410
"Brazil","CR288192","OWL",172.614384
"Brazil","CR288193","Forest",4.939110
"Brazil","CR288193","OWL",73.845798
"Brazil","CR288194","Forest",1.189080
"Brazil","CR288194","OWL",130.923270
"Brazil","CR288195","Forest",1.015380
"Brazil","CR288195","OWL",118.755360
"Brazil","CR288196","Forest",3.673710
"Brazil","CR288196","OWL",154.902960
"Brazil","CR288197","Forest",11.979990
"Brazil","CR288197","OWL",115.450010
"Brazil","CR288198","Forest",16.419600
"Brazil","CR288198","OWL",13.880400
"Brazil","CR288199","Forest",18.700000
"Brazil","CR288200","Forest",19.910000
"Brazil","CR288201","Forest",16.951680
"Brazil","CR288201","OWL",3.840750
"Brazil","CR289191","Forest",36.160200
"Brazil","CR289191","OWL",79.789800
"Brazil","CR289192","Forest",17.820503
"Brazil","CR289192","OWL",89.840280
"Brazil","CR289193","Forest",7.036650
"Brazil","CR289193","OWL",69.803350
"Brazil","CR289194","Forest",20.627543
"Brazil","CR289194","OWL",36.108380
"Brazil","CR289195","Forest",24.021810
"Brazil","CR289195","OWL",8.524698
"Brazil","CR289196","Forest",8.561505
"Brazil","CR289196","OWL",34.476740
"Brazil","CR289197","Forest",19.312470
"Brazil","CR289197","OWL",26.385980
"Brazil","CR289198","Forest",49.080460
"Brazil","CR289198","OWL",0.004950
"Brazil","CR289199","Forest",60.970000
"Brazil","CR289200","Forest",22.052130
"Brazil","CR289200","OWL",0.987030
"Brazil","CR290191","Forest",6.115590
"Brazil","CR290191","OWL",3.024720
"Brazil","CR290192","Forest",30.455416
"Brazil","CR290193","Forest",35.960000
"Brazil","CR290194","Forest",41.780000
"Brazil","CR290195","Forest",26.190000
"Brazil","CR290196","Forest",34.240000
"Brazil","CR290197","Forest",35.210000
"Brazil","CR290198","Forest",47.529720
"Brazil","CR290198","OWL",0.002880
"Brazil","CR290199","Forest",15.312240
"Brazil","CR291194","Forest",7.587180
"Brazil","CR291194","OWL",0.257580
"Brazil","CR291195","Forest",18.136043
"Brazil","CR291196","Forest",26.758443
"Brazil","CR291197","Forest",10.080900
"Brazil","CR213194","Forest",64.893240
"Brazil","CR213195","Forest",167.349513
"Brazil","CR213196","Forest",181.552860
"Brazil","CR213197","Forest",29.812770
"Brazil","CR214192","Forest",25.490000
"Brazil","CR214193","Forest",93.966840
"Brazil","CR214194","Forest",263.733300
"Brazil","CR214195","Forest",281.976937
"Brazil","CR214196","Forest",293.115780
"Brazil","CR214196","OWL",0.000810
"Brazil","CR214197","Forest",285.903000
"Brazil","CR214198","Forest",96.855930
"Brazil","CR214199","Forest",24.312960
"Brazil","CR215191","Forest",198.628200
"Brazil","CR215192","Forest",288.950000
"Brazil","CR215193","Forest",305.720000
"Brazil","CR215194","Forest",305.220000
"Brazil","CR215195","Forest",260.120140
"Brazil","CR215196","Forest",211.913460
"Brazil","CR215196","OWL",0.002250
"Brazil","CR215197","Forest",284.037930
"Brazil","CR215197","OWL",0.007560
"Brazil","CR215198","Forest",282.784227
"Brazil","CR215199","Forest",233.191800
"Brazil","CR216190","Forest",115.060680
"Brazil","CR216191","Forest",305.140000
"Brazil","CR216192","Forest",304.390000
"Brazil","CR216193","Forest",305.420000
"Brazil","CR216194","Forest",305.060000
"Brazil","CR216195","Forest",293.673997
"Brazil","CR216196","Forest",270.536171
"Brazil","CR216197","Forest",302.198580
"Brazil","CR216198","Forest",303.047531
"Brazil","CR216199","Forest",302.373090
"Brazil","CR216200","Forest",126.110000
"Brazil","CR217190","Forest",291.862080
"Brazil","CR217191","Forest",305.037725
"Brazil","CR217192","Forest",305.810000
"Brazil","CR217193","Forest",305.070000
"Brazil","CR217194","Forest",301.457751
"Brazil","CR217195","Forest",277.575155
"Brazil","CR217196","Forest",296.920324
"Brazil","CR217197","Forest",303.383851
"Brazil","CR217198","Forest",296.000970
"Brazil","CR217199","Forest",297.111510
"Brazil","CR217200","Forest",302.240000
"Brazil","CR218189","Forest",44.687070
"Brazil","CR218190","Forest",305.400000
"Brazil","CR218191","Forest",305.520000
"Brazil","CR218192","Forest",305.010000
"Brazil","CR218193","Forest",305.590000
"Brazil","CR218194","Forest",298.373297
"Brazil","CR218195","Forest",299.933890
"Brazil","CR218196","Forest",296.767850
"Brazil","CR218197","Forest",270.809173
"Brazil","CR218198","Forest",292.927410
"Brazil","CR218199","Forest",297.173208
"Brazil","CR218200","Forest",260.170000
"Brazil","CR219189","Forest",163.514610
"Brazil","CR219190","Forest",306.218597
"Brazil","CR219191","Forest",304.590000
"Brazil","CR219192","Forest",304.860000
"Brazil","CR219193","Forest",305.090000
"Brazil","CR219194","Forest",297.074882
"Brazil","CR219195","Forest",303.250000
"Brazil","CR219196","Forest",292.312802
"Brazil","CR219197","Forest",228.516431
"Brazil","CR219198","Forest",271.601776
"Brazil","CR219199","Forest",287.768801
"Brazil","CR219200","Forest",97.030170
"Brazil","CR219201","Forest",50.300000
"Brazil","CR219202","Forest",41.800000
"Brazil","CR220180","Forest",14.662170
"Brazil","CR220181","Forest",10.119420
"Brazil","CR220189","Forest",142.498890
"Brazil","CR220190","Forest",301.370049
"Brazil","CR220191","Forest",303.310000
"Brazil","CR220192","Forest",304.730000
"Brazil","CR220193","Forest",305.450000
"Brazil","CR220194","Forest",292.220975
"Brazil","CR220195","Forest",290.490741
"Brazil","CR220196","Forest",292.881960
"Brazil","CR220196","OWL",0.000990
"Brazil","CR220197","Forest",242.327620
"Brazil","CR220197","OWL",0.004950
"Brazil","CR220198","Forest",298.848746
"Brazil","CR220199","Forest",290.990177
"Brazil","CR220200","Forest",301.965040
"Brazil","CR220201","Forest",301.137012
"Brazil","CR220202","Forest",300.665628
"Brazil","CR220203","Forest",17.161560
"Brazil","CR221177","Forest",89.102970
"Brazil","CR221177","OWL",0.010980
"Brazil","CR221178","Forest",166.959270
"Brazil","CR221178","OWL",0.001440
"Brazil","CR221179","Forest",69.444180
"Brazil","CR221180","Forest",305.968410
"Brazil","CR221181","Forest",247.817610
"Brazil","CR221181","OWL",0.001620
"Brazil","CR221182","Forest",32.853690
"Brazil","CR221185","Forest",38.956320
"Brazil","CR221186","Forest",93.323070
"Brazil","CR221187","Forest",150.070860
"Brazil","CR221188","Forest",208.868130
"Brazil","CR221189","Forest",218.841570
"Brazil","CR221190","Forest",304.521566
"Brazil","CR221191","Forest",305.298176
"Brazil","CR221192","Forest",305.720000
"Brazil","CR221193","Forest",305.203454
"Brazil","CR221194","Forest",248.212773
"Brazil","CR221195","Forest",291.674645
"Brazil","CR221196","Forest",300.951153
"Brazil","CR221197","Forest",302.715849
"Brazil","CR221198","Forest",295.743150
"Brazil","CR221199","Forest",295.758751
"Brazil","CR221200","Forest",301.730000
"Brazil","CR221201","Forest",299.790393
"Brazil","CR221202","Forest",237.624178
"Brazil","CR222177","Forest",139.424400
"Brazil","CR222178","Forest",281.928060
"Brazil","CR222179","Forest",155.885040
"Brazil","CR222180","Forest",304.090000
"Brazil","CR222181","Forest",307.350000
"Brazil","CR222182","Forest",306.655200
"Brazil","CR222183","Forest",238.115070
"Brazil","CR222184","Forest",276.750450
"Brazil","CR222185","Forest",305.736354
"Brazil","CR222186","Forest",283.080514
"Brazil","CR222187","Forest",290.504160
"Brazil","CR222187","OWL",0.002880
"Brazil","CR222188","Forest",251.175420
"Brazil","CR222188","OWL",0.013320
"Brazil","CR222189","Forest",271.953458
"Brazil","CR222190","Forest",305.476961
"Brazil","CR222191","Forest",305.004714
"Brazil","CR222192","Forest",304.510000
"Brazil","CR222193","Forest",304.915226
"Brazil","CR222194","Forest",289.922534
"Brazil","CR222195","Forest",304.694347
"Brazil","CR222196","Forest",304.728952
"Brazil","CR222197","Forest",304.410000
"Brazil","CR222198","Forest",265.956120
"Brazil","CR222198","OWL",0.001260
"Brazil","CR222199","Forest",301.186080
"Brazil","CR222200","Forest",300.261944
"Brazil","CR222201","Forest",294.957990
"Brazil","CR222202","Forest",175.772700
"Brazil","CR222202","OWL",0.011250
"Brazil","CR223177","Forest",139.448880
"Brazil","CR223177","OWL",0.000630
"Brazil","CR223178","Forest",305.460000
"Brazil","CR223179","Forest",307.200000
"Brazil","CR223180","Forest",298.620540
"Brazil","CR223181","Forest",306.550000
"Brazil","CR223182","Forest",307.290000
"Brazil","CR223183","Forest",306.467569
"Brazil","CR223184","Forest",287.770000
"Brazil","CR223185","Forest",304.827569
"Brazil","CR223186","Forest",287.042009
"Brazil","CR223187","Forest",252.639554
"Brazil","CR223188","Forest",295.018282
"Brazil","CR223189","Forest",305.860506
"Brazil","CR223190","Forest",304.273256
"Brazil","CR223191","Forest",304.210000
"Brazil","CR223192","Forest",305.810000
"Brazil","CR223193","Forest",302.370000
"Brazil","CR223194","Forest",300.950000
"Brazil","CR223195","Forest",303.905948
"Brazil","CR223196","Forest",304.544157
"Brazil","CR223197","Forest",304.180000
"Brazil","CR223198","Forest",268.246440
"Brazil","CR223199","Forest",199.454850
"Brazil","CR223199","OWL",0.000990
"Brazil","CR223200","Forest",237.078270
"Brazil","CR223201","Forest",287.752770
"Brazil","CR223202","Forest",170.732370
"Brazil","CR223203","Forest",2.881395
"Brazil","CR224177","Forest",188.476920
"Brazil","CR224178","Forest",304.794450
"Brazil","CR224178","OWL",0.000720
"Brazil","CR224179","Forest",305.820000
"Brazil","CR224180","Forest",296.777520
"Brazil","CR224180","OWL",0.151020
"Brazil","CR224181","Forest",305.360000
"Brazil","CR224182","Forest",305.970000
"Brazil","CR224183","Forest",297.004512
"Brazil","CR224184","Forest",284.558670
"Brazil","CR224185","Forest",306.507569
"Brazil","CR224186","Forest",292.969092
"Brazil","CR224187","Forest",216.159480
"Brazil","CR224187","OWL",0.004500
"Brazil","CR224188","Forest",305.052212
"Brazil","CR224189","Forest",305.290612
"Brazil","CR224190","Forest",300.624201
"Brazil","CR224191","Forest",304.550000
"Brazil","CR224192","Forest",304.950394
"Brazil","CR224193","Forest",296.311140
"Brazil","CR224193","OWL",0.006660
"Brazil","CR224194","Forest",303.354250
"Brazil","CR224195","Forest",302.153869
"Brazil","CR224196","Forest",304.535536
"Brazil","CR224197","Forest",303.658008
"Brazil","CR224198","Forest",303.360000
"Brazil","CR224199","Forest",247.253400
"Brazil","CR224199","OWL",0.001710
"Brazil","CR224200","Forest",155.473110
"Brazil","CR224201","Forest",265.349880
"Brazil","CR224201","OWL",0.004590
"Brazil","CR224202","Forest",118.081980
"Brazil","CR224202","OWL",0.001080
"Brazil","CR225176","Forest",8.500000
"Brazil","CR225177","Forest",230.050000
"Brazil","CR225178","Forest",305.470000
"Brazil","CR225179","Forest",292.996980
"Brazil","CR225179","OWL",0.705330
"Brazil","CR225180","Forest",299.205720
"Brazil","CR225180","OWL",0.079470
"Brazil","CR225181","Forest",305.750000
"Brazil","CR225182","Forest",304.260760
"Brazil","CR225183","Forest",305.385967
"Brazil","CR225184","Forest",284.972850
"Brazil","CR225185","Forest",307.038578
"Brazil","CR225186","Forest",268.653715
"Brazil","CR225187","Forest",266.137200
"Brazil","CR225187","OWL",0.000630
"Brazil","CR225188","Forest",299.825432
"Brazil","CR225189","Forest",300.715571
"Brazil","CR225190","Forest",304.880839
"Brazil","CR225191","Forest",305.200000
"Brazil","CR225192","Forest",296.589150
"Brazil","CR225192","OWL",0.002520
"Brazil","CR225193","Forest",300.626330
"Brazil","CR225194","Forest",304.950000
"Brazil","CR225195","Forest",303.533830
"Brazil","CR225196","Forest",304.178962
"Brazil","CR225197","Forest",303.500000
"Brazil","CR225198","Forest",294.540950
"Brazil","CR225198","OWL",0.001170
"Brazil","CR225199","Forest",241.473420
"Brazil","CR225199","OWL",0.001080
"Brazil","CR225200","Forest",93.971312
"Brazil","CR225201","Forest",87.839076
"Brazil","CR225202","Forest",27.774270
"Brazil","CR225202","OWL",0.002070
"Brazil","CR226176","Forest",23.377860
"Brazil","CR226177","Forest",191.312640
"Brazil","CR226178","Forest",265.661550
"Brazil","CR226179","Forest",294.188760
"Brazil","CR226179","OWL",0.062370
"Brazil","CR226180","Forest",263.537190
"Brazil","CR226180","OWL",0.110880
"Brazil","CR226181","Forest",290.660310
"Brazil","CR226181","OWL",0.035010
"Brazil","CR226182","Forest",302.221710
"Brazil","CR226182","OWL",0.029700
"Brazil","CR226183","Forest",307.407775
"Brazil","CR226184","Forest",281.847420
"Brazil","CR226184","OWL",0.000540
"Brazil","CR226185","Forest",300.449880
"Brazil","CR226186","Forest",228.420990
"Brazil","CR226186","OWL",0.000540
"Brazil","CR226187","Forest",289.835910
"Brazil","CR226188","Forest",301.037880
"Brazil","CR226189","Forest",303.777361
"Brazil","CR226190","Forest",304.986016
"Brazil","CR226191","Forest",283.115710
"Brazil","CR226192","Forest",305.506277
"Brazil","CR226193","Forest",305.581694
"Brazil","CR226194","Forest",304.418691
"Brazil","CR226195","Forest",305.086966
"Brazil","CR226196","Forest",288.625362
"Brazil","CR226197","Forest",298.006820
"Brazil","CR226198","Forest",193.710510
"Brazil","CR226198","OWL",0.019170
"Brazil","CR226199","Forest",191.432340
"Brazil","CR226199","OWL",0.000990
"Brazil","CR226200","Forest",108.868500
"Brazil","CR226201","Forest",32.798734
"Brazil","CR227178","Forest",61.076520
"Brazil","CR227179","Forest",292.335480
"Brazil","CR227180","Forest",307.488646
"Brazil","CR227181","Forest",265.740000
"Brazil","CR227182","Forest",305.171820
"Brazil","CR227182","OWL",0.004050
"Brazil","CR227183","Forest",307.182325
"Brazil","CR227184","Forest",277.865550
"Brazil","CR227184","OWL",0.001890
"Brazil","CR227185","Forest",285.708330
"Brazil","CR227186","Forest",218.986358
"Brazil","CR227187","Forest",306.017950
"Brazil","CR227188","Forest",306.887108
"Brazil","CR227189","Forest",299.927813
"Brazil","CR227190","Forest",287.766630
"Brazil","CR227190","OWL",0.050670
"Brazil","CR227191","Forest",301.806499
"Brazil","CR227192","Forest",304.556658
"Brazil","CR227193","Forest",305.634225
"Brazil","CR227194","Forest",303.974174
"Brazil","CR227195","Forest",304.964335
"Brazil","CR227196","Forest",292.508100
"Brazil","CR227196","OWL",0.070470
"Brazil","CR227197","Forest",304.020000
"Brazil","CR227198","Forest",193.494240
"Brazil","CR227198","OWL",0.004590
"Brazil","CR227199","Forest",274.508820
"Brazil","CR227200","Forest",145.074819
"Brazil","CR227200","OWL",0.000540
"Brazil","CR227201","Forest",6.806250
"Brazil","CR228179","Forest",168.309900
"Brazil","CR228179","OWL",0.002250
"Brazil","CR228180","Forest",306.310000
"Brazil","CR228181","Forest",279.508500
"Brazil","CR228181","OWL",0.000540
"Brazil","CR228182","Forest",307.251109
"Brazil","CR228183","Forest",306.007650
"Brazil","CR228183","OWL",0.008321
"Brazil","CR228184","Forest",253.881270
"Brazil","CR228184","OWL",0.042300
"Brazil","CR228185","Forest",264.879810
"Brazil","CR228185","OWL",0.012330
"Brazil","CR228186","Forest",252.704931
"Brazil","CR228187","Forest",292.923131
"Brazil","CR228188","Forest",288.030330
"Brazil","CR228188","OWL",0.002880
"Brazil","CR228189","Forest",302.885948
"Brazil","CR228190","Forest",304.568132
"Brazil","CR228191","Forest",302.740181
"Brazil","CR228192","Forest",304.302946
"Brazil","CR228193","Forest",305.552946
"Brazil","CR228194","Forest",302.840000
"Brazil","CR228195","Forest",304.660000
"Brazil","CR228196","Forest",297.120000
"Brazil","CR228197","Forest",304.320000
"Brazil","CR228198","Forest",301.486590
"Brazil","CR228198","OWL",0.007020
"Brazil","CR228199","Forest",283.141980
"Brazil","CR228199","OWL",0.006480
"Brazil","CR228200","Forest",96.201090
"Brazil","CR228200","OWL",0.004140
"Brazil","CR229179","Forest",251.838990
"Brazil","CR229180","Forest",306.282690
"Brazil","CR229180","OWL",0.003510
"Brazil","CR229181","Forest",273.190000
"Brazil","CR229182","Forest",301.122000
"Brazil","CR229182","OWL",0.081900
"Brazil","CR229183","Forest",289.803540
"Brazil","CR229184","Forest",252.586890
"Brazil","CR229184","OWL",0.023940
"Brazil","CR229185","Forest",277.663500
"Brazil","CR229185","OWL",0.003330
"Brazil","CR229186","Forest",229.303626
"Brazil","CR229187","Forest",303.931887
"Brazil","CR229188","Forest",304.993406
"Brazil","CR229189","Forest",304.387807
"Brazil","CR229190","Forest",302.101927
"Brazil","CR229191","Forest",304.695442
"Brazil","CR229192","Forest",303.567703
"Brazil","CR229193","Forest",302.482946
"Brazil","CR229194","Forest",305.042946
"Brazil","CR229195","Forest",305.260000
"Brazil","CR229196","Forest",296.371800
"Brazil","CR229196","OWL",0.011610
"Brazil","CR229197","Forest",302.550000
"Brazil","CR229198","Forest",302.720000
"Brazil","CR229199","Forest",207.545382
"Brazil","CR229199","OWL",0.008550
"Brazil","CR229200","Forest",83.252866
"Brazil","CR229200","OWL",0.002970
"Brazil","CR230178","Forest",26.061840
"Brazil","CR230179","Forest",236.939040
"Brazil","CR230179","OWL",0.002520
"Brazil","CR230180","Forest",306.300000
"Brazil","CR230181","Forest",258.060000
"Brazil","CR230182","Forest",283.466250
"Brazil","CR230182","OWL",0.001350
"Brazil","CR230183","Forest",305.473540
"Brazil","CR230184","Forest",222.323850
"Brazil","CR230185","Forest",217.350540
"Brazil","CR230186","Forest",205.953930
"Brazil","CR230186","OWL",0.001980
"Brazil","CR230187","Forest",276.983708
"Brazil","CR230188","Forest",294.502358
"Brazil","CR230189","Forest",301.845721
"Brazil","CR230190","Forest",305.394137
"Brazil","CR230191","Forest",305.331754
"Brazil","CR230192","Forest",303.052318
"Brazil","CR230193","Forest",301.932946
"Brazil","CR230194","Forest",304.512946
"Brazil","CR230195","Forest",298.650000
"Brazil","CR230196","Forest",296.336837
"Brazil","CR230197","Forest",302.200000
"Brazil","CR230198","Forest",269.414100
"Brazil","CR230198","OWL",0.381780
"Brazil","CR230199","Forest",270.178830
"Brazil","CR230199","OWL",0.144900
"Brazil","CR230200","Forest",133.420106
"Brazil","CR230200","OWL",0.476730
"Brazil","CR230201","Forest",97.746570
"Brazil","CR230201","OWL",0.047610
"Brazil","CR230202","Forest",109.932557
"Brazil","CR230202","OWL",0.180450
"Brazil","CR230203","Forest",182.030850
"Brazil","CR230203","OWL",0.388080
"Brazil","CR230204","Forest",44.290620
"Brazil","CR230204","OWL",0.042210
